publication_number,filing_date,citation_publication_number
US-2017013294-A1,20160922,US-9609037-B2
US-2017300898-A1,20160413,US-2017213210-A1
US-2017263101-A1,20170301,US-2016210602-A1
US-2018005185-A1,20160701,US-2017200218-A1
US-2018144216-A1,20170508,US-2018033066-A1
US-10571444-B2,20170427,US-2017103468-A1
US-2017140366-A1,20170131,US-2016275483-A1
US-2017140366-A1,20170131,US-2016275482-A1
US-2017140366-A1,20170131,US-2017076272-A1
US-2016253828-A1,20160112,US-2016253084-A1
US-10600065-B2,20161205,US-2017132650-A1
US-2017272123-A1,20160315,US-2017003846-A1
US-10536350-B2,20170929,US-2017315712-A1
US-10424140-B2,20170911,US-2017213210-A1
US-2019140896-A1,20171103,US-2018293587-A1
US-2018374371-A1,20170627,US-2016342690-A1
US-10397787-B2,20180913,US-2016248795-A1
US-2018158080-A1,20161202,US-2017178245-A1
US-10452748-B2,20161014,US-2016321278-A1
US-10504512-B1,20170922,US-2017068551-A1
US-2017039658-A1,20160802,US-2018025423-A1
KR-20190123383-A,20180424,KR-20170112332-A
US-10504060-B2,20181127,US-2016275390-A1
US-10504060-B2,20181127,US-2016292554-A1
US-10504060-B2,20181127,US-2016371576-A1
US-10504060-B2,20181127,US-9626610-B2
US-10504060-B2,20181127,US-9646237-B2
US-10504060-B2,20181127,US-9710743-B2
US-10530859-B1,20161128,US-2017103468-A1
US-10530859-B1,20161128,US-2018285879-A1
US-10599391-B2,20171106,US-2018308143-A1
US-10439913-B2,20160701,US-2016300201-A1
US-10509779-B2,20160914,US-9530137-B2
US-10560268-B2,20170213,US-2017103468-A1
US-2017220103-A1,20160129,US-2016210602-A1
US-2017094100-A1,20160809,US-2016380852-A1
US-2017250988-A1,20160225,US-2017213210-A1
US-2017161717-A1,20170224,US-9563890-B2
US-2017236334-A1,20160304,US-2016210602-A1
US-2018129952-A1,20161109,US-2018285879-A1
US-2017091476-A1,20160923,US-2017068238-A1
US-2018040072-A1,20161018,US-2017091851-A1
US-2017116842-A1,20161005,US-2016210602-A1
US-10538418-B2,20170523,US-9940840-B1
US-2018297781-A1,20180404,US-10233021-B1
US-2017337744-A1,20170519,US-2016253843-A1
US-2018058864-A1,20160825,US-2016292798-A1
US-10489850-B2,20160113,US-2016203538-A1
US-10482767-B2,20161230,US-9940840-B1
US-10499265-B2,20190221,US-2017103468-A1
US-2018129904-A1,20180108,US-2016210602-A1
US-10417715-B1,20180214,US-2017039331-A1
US-2018351956-A1,20170531,US-2016232531-A1
US-2017351392-A1,20170822,US-2017180961-A1
US-2017300925-A1,20170117,US-2017103629-A1
US-2017222948-A1,20170417,US-2016285954-A1
US-2017222948-A1,20170417,US-2017187758-A1
US-2017221087-A1,20170411,US-2016189137-A1
US-2017221087-A1,20170411,US-2016275482-A1
US-2017221087-A1,20170411,US-9934506-B2
US-2017132611-A1,20170113,US-9547856-B2
US-10422166-B2,20160711,US-9845071-B1
TW-I636632-B,20170817,CN-106347146-A
US-2017244734-A1,20170217,US-2016248795-A1
US-10140481-B2,20160830,US-2016188915-A1
US-10140481-B2,20160830,US-2016203667-A1
US-10140481-B2,20160830,US-2016203466-A1
KR-102030592-B1,20190121,KR-20170092037-A
US-2017053326-A1,20160812,US-2018033066-A1
US-10528614-B2,20161107,US-2017323158-A1
US-10440130-B2,20170403,US-2016161138-A1
US-2019188449-A1,20170829,US-2016210602-A1
US-2016360257-A1,20160607,US-2017180961-A1
US-2018060502-A1,20161122,US-2017011105-A1
US-10545509-B1,20171027,US-9940840-B1
US-10432585-B2,20170412,WO-2017066002-A1
US-2017083966-A1,20161205,US-2017024797-A1
US-2017237697-A1,20160215,US-2017230427-A1
US-10424171-B2,20190225,US-9530137-B2
EP-3416334-A1,20170823,WO-2017066002-A1
US-2018248709-A1,20180222,US-2016301979-A1
US-10445678-B2,20180703,US-2016275390-A1
US-10445678-B2,20180703,US-2016292554-A1
US-10445678-B2,20180703,US-2016371576-A1
US-10445678-B2,20180703,US-9626610-B2
US-10445678-B2,20180703,US-9646237-B2
US-10445678-B2,20180703,US-9710743-B2
US-2019005699-A1,20170630,US-2016210602-A1
US-2018137559-A1,20161115,US-2016253843-A1
US-10135870-B2,20160222,US-2017046680-A1
KR-20200006304-A,20180710,KR-20170099043-A
US-2018352415-A1,20180806,US-2016321666-A1
US-2018352415-A1,20180806,US-2016321649-A1
TW-I673671-B,20180612,CN-105976231-A
US-10227810-B2,20160803,US-9845071-B1
US-10384692-B2,20170316,US-2016292798-A1
US-2016231899-A1,20160208,US-2017262136-A1
US-2016148617-A1,20160128,US-2016373553-A1
KR-20190114602-A,20180330,KR-20180017597-A
US-10339714-B2,20170509,US-2016253745-A1
US-10155541-B2,20170414,US-2018128638-A1
US-10380512-B2,20160902,US-2016155069-A1
US-10380512-B2,20160902,US-2017249573-A1
US-10380512-B2,20160902,US-2017262422-A1
US-10380512-B2,20160902,US-2017262776-A1
CN-106878760-A,20170329,CN-106228436-A
US-2018075419-A1,20171114,US-9576285-B2
US-2018209735-A1,20170125,US-2017004529-A1
US-2017262833-A1,20170529,US-2016275483-A1
US-2017262833-A1,20170529,US-2016275482-A1
US-2017262833-A1,20170529,US-2017076272-A1
US-2017262833-A1,20170529,US-9811813-B2
US-2018267996-A1,20170320,US-2017103405-A1
US-2017300791-A1,20170505,US-9710743-B2
US-2017323256-A1,20160506,US-2016292798-A1
US-10207110-B1,20161013,WO-2017197625-A1
US-10089566-B2,20170505,US-2016275390-A1
US-10089566-B2,20170505,US-2016292554-A1
US-10089566-B2,20170505,US-2016371576-A1
US-10089566-B2,20170505,US-9626610-B2
US-10089566-B2,20170505,US-9646237-B2
US-10089566-B2,20170505,US-9710743-B2
US-10311877-B2,20170705,US-2016210602-A1
US-10239739-B2,20160304,US-2016210602-A1
US-2017177987-A1,20170105,US-9626610-B2
KR-101885196-B1,20180223,KR-20170089111-A
TW-I671699-B,20171122,CN-106230851-A
US-2018181965-A1,20180215,US-9934506-B2
KR-20190006244-A,20170710,KR-101754734-B1
US-2019044851-A1,20181008,US-2017171047-A1
US-10049360-B2,20160907,US-9530137-B2
US-10275913-B2,20180718,US-2017084063-A1
US-10275913-B2,20180718,US-9852530-B2
US-10599281-B2,20180808,US-2017262136-A1
US-10374792-B1,20160929,US-2016284033-A1
US-2018034979-A1,20160726,US-2016210602-A1
US-2017187758-A1,20160816,US-9485301-B2
KR-102028667-B1,20180905,KR-101729646-B1
US-10552719-B2,20190305,US-2016275390-A1
US-10552719-B2,20190305,US-2016292554-A1
US-10552719-B2,20190305,US-2016371576-A1
US-10552719-B2,20190305,US-9626610-B2
US-10552719-B2,20190305,US-9646237-B2
US-10552719-B2,20190305,US-9710743-B2
US-10334054-B2,20171218,US-2017357972-A1
US-10599550-B2,20190628,US-2017011105-A1
US-2016314624-A1,20160425,US-2016253843-A1
KR-102005195-B1,20180928,KR-101723467-B1
US-10271082-B2,20161005,US-2017180961-A1
CN-106991834-B,20170518,CN-105844762-A
US-2017323481-A1,20170306,US-2016253745-A1
US-10491389-B2,20170714,US-9530137-B2
US-10373348-B2,20160805,US-2016210602-A1
TW-I646484-B,20170713,WO-2017098519-A1
US-10071892-B2,20160304,US-2016210602-A1
US-10134001-B2,20170327,US-2017091837-A1
US-10134001-B2,20170327,US-9928529-B2
US-10267068-B2,20180110,US-9845071-B1
WO-2019133657-A1,20181227,US-2017003666-A1
WO-2019045735-A1,20170831,US-2017068238-A1
US-10410628-B2,20180611,US-2017068551-A1
US-2017284903-A1,20170324,US-2016155069-A1
US-10536371-B2,20190226,US-2017091837-A1
US-10536371-B2,20190226,US-9928529-B2
US-10445691-B2,20170127,US-2018314991-A1
US-2017243195-A1,20170508,US-2017076272-A1
KR-101820309-B1,20170807,KR-101690736-B1
US-2017254554-A1,20160915,US-2016161138-A1
US-10560313-B2,20190626,US-2016155069-A1
US-10572932-B2,20170127,US-2018314991-A1
TW-I674543-B,20180817,WO-2017066002-A1
US-2019090174-A1,20170918,US-2017098231-A1
US-2019090174-A1,20170918,US-2018232788-A1
US-10498930-B2,20180525,US-2018174110-A1
US-10430042-B2,20160930,US-2016210602-A1
US-2018130194-A1,20161107,US-2017323158-A1
US-2018089914-A1,20170911,US-2017213210-A1
KR-102001179-B1,20181029,KR-20170114908-A
US-10581615-B2,20160918,US-2018285879-A1
KR-101992560-B1,20180104,JP-6234540-B1
US-10135817-B2,20160328,US-2016300201-A1
US-10163084-B2,20170622,US-2016217258-A1
US-10546283-B2,20160112,US-2017011396-A1
US-10083304-B2,20170228,US-2016155069-A1
RU-2707698-C1,20180723,US-2016314520-A1
RU-2659730-C1,20170419,US-2016218880-A1
US-10504103-B2,20160212,US-2016189137-A1
US-10261394-B2,20180705,US-2017180696-A1
US-10334462-B2,20160623,US-2016300201-A1
US-10269006-B2,20170113,US-9547856-B2
US-10520581-B2,20170509,US-9940840-B1
US-10476701-B2,20180322,US-2017103468-A1
US-10477148-B2,20170711,US-2016321347-A1
KR-102046402-B1,20180921,KR-20170017704-A
US-2017296874-A1,20160929,US-2017200218-A1
US-10484384-B2,20160829,US-2017357972-A1
KR-102030781-B1,20181015,KR-20170095609-A
US-2017168764-A1,20161209,US-2016380852-A1
US-2016330380-A1,20160506,US-2016253843-A1
US-2017038859-A1,20160413,US-2017006101-A1
KR-102006329-B1,20190114,KR-20170070783-A
US-10546290-B2,20170828,US-2017352051-A1
US-10438029-B2,20180602,US-2016260073-A1
US-10135607-B1,20180810,US-2017103468-A1
US-10238156-B2,20160113,US-2017027248-A1
KR-101858613-B1,20170117,KR-20160101688-A
EP-3506455-A1,20181228,WO-2017086174-A1
EP-3506455-A1,20181228,EP-3379467-A1
KR-20190100788-A,20180221,KR-20160113532-A
US-10504028-B1,20190424,US-9600779-B2
US-10568016-B2,20180510,US-9530137-B2
US-10546462-B2,20170320,US-2016132891-A1
US-10567975-B2,20170331,US-9563890-B2
US-10567975-B2,20170331,US-9576285-B2
US-10567975-B2,20170331,US-9704151-B2
US-10567975-B2,20170331,US-9911258-B2
US-10540241-B2,20161019,US-2016210602-A1
KR-101998825-B1,20180828,KR-20170089618-A
US-2019250893-A1,20180209,US-2016155069-A1
US-10592867-B2,20161111,US-2016321347-A1
US-10287149-B2,20160304,US-2016210602-A1
US-10212389-B2,20171009,WO-2016144784-A1
KR-20190104737-A,20180302,KR-101807965-B1
KR-20200006265-A,20180710,KR-20170099043-A
US-10327107-B2,20170605,WO-2017043746-A1
US-2019080434-A1,20170908,US-2016313889-A1
US-2017026680-A1,20161005,US-2017180961-A1
US-2019022535-A1,20170719,US-2017036121-A1
US-10225313-B2,20170728,US-2016321347-A1
US-10372123-B2,20161230,US-9940840-B1
KR-101961144-B1,20171012,KR-20170101453-A
US-10579725-B2,20170315,US-2018060439-A1
US-10521776-B2,20181130,US-9563890-B2
US-10521776-B2,20181130,US-9704151-B2
US-10130232-B2,20160304,US-2016210602-A1
KR-20200006234-A,20180710,KR-20170099043-A
KR-20200006243-A,20180710,KR-20170099043-A
NL-2020729-B1,20180406,US-2016155069-A1
US-2018257582-A1,20171005,US-10233021-B1
US-2017178103-A1,20161209,US-9576285-B2
US-2018295334-A1,20180615,US-2016210345-A1
US-10410111-B2,20171025,US-2016155069-A1
US-10504541-B1,20190618,US-2018040046-A1
US-10507787-B2,20180726,US-2017124547-A1
US-10507787-B2,20180726,US-2018285852-A1
US-10147098-B2,20170117,US-2017103629-A1
US-10579829-B1,20190828,US-9912677-B2
US-10009177-B2,20160315,US-9530137-B2
US-10127400-B2,20160926,US-2016300201-A1
KR-20190053573-A,20171110,KR-101706889-B1
US-10120437-B2,20160129,US-2016210602-A1
US-10410314-B2,20170427,US-2018300714-A1
US-10162479-B2,20160208,US-2017262136-A1
US-10182369-B2,20160629,US-2016380852-A1
US-10279212-B2,20170329,US-9819561-B2
WO-2019140018-A1,20190109,WO-2017142536-A1
US-10542423-B1,20161222,US-2017099378-A1
US-10257270-B2,20160426,US-2017103468-A1
KR-20200006308-A,20180710,KR-20170099043-A
RU-2694027-C1,20180606,US-2017091579-A1
US-2019104034-A1,20170929,US-2017315712-A1
US-10135989-B1,20161027,US-2017068551-A1
US-10257085-B2,20160711,US-2017091837-A1
US-10257085-B2,20160711,US-9928529-B2
US-10264100-B2,20160527,US-2016328692-A1
US-2017286634-A1,20170207,US-2016371459-A1
US-10482460-B2,20160908,US-2016189137-A1
US-10475030-B2,20160222,US-2017046680-A1
RU-182707-U1,20171229,KR-101675820-B1
US-10540697-B2,20170623,US-2016267403-A1
US-10417640-B2,20160223,US-2016210602-A1
US-10242302-B2,20180403,US-2016275390-A1
US-10242302-B2,20180403,US-2016292554-A1
US-10242302-B2,20180403,US-9626610-B2
US-10313480-B2,20170622,US-2017083966-A1
US-10019988-B1,20160623,US-2017068551-A1
US-10262289-B2,20160315,US-2016292798-A1
US-10269018-B2,20180801,US-9530137-B2
US-2018121907-A1,20161027,US-2016239818-A1
US-2018343364-A1,20180525,US-2018174110-A1
US-2018150903-A1,20161130,US-2016163000-A1
US-2017169231-A1,20170228,US-2016155069-A1
US-2019077368-A1,20171205,US-9845071-B1
US-2019228855-A1,20190125,US-2018308143-A1
US-10552430-B2,20170117,WO-2016144784-A1
US-10244793-B2,20160526,US-2017011407-A1
US-2018343230-A1,20170526,US-2018063078-A1
US-9757002-B2,20160304,US-2016210602-A1
US-D875780-S,20190708,US-2016210602-A1
KR-102000559-B1,20190312,KR-20170110826-A
US-10336592-B2,20160923,US-2016210602-A1
KR-20190011420-A,20170725,KR-101729678-B1
US-10401954-B2,20170417,US-2017323158-A1
US-10601833-B2,20171204,US-2016285954-A1
US-10601833-B2,20171204,US-2017187758-A1
US-10554410-B2,20160211,US-2017076272-A1
KR-101778768-B1,20170421,US-2017103468-A1
US-10292049-B2,20180404,US-2016217356-A1
US-10423964-B2,20180213,US-9530137-B2
US-10469350-B2,20160427,US-2016380852-A1
US-10176398-B2,20180108,US-2016210602-A1
US-2017060724-A1,20161111,US-2016248795-A1
US-2018313797-A1,20170427,US-2017103468-A1
KR-20190137635-A,20180602,KR-20170095488-A
KR-20190141396-A,20180614,KR-20170112332-A
KR-101955707-B1,20170926,KR-101756395-B1
CN-107792002-A,20171020,CN-106740680-A
US-2019030432-A1,20170728,US-9940840-B1
US-10275752-B2,20180226,US-2016335613-A1
US-10275752-B2,20180226,US-2017083901-A1
US-10329823-B2,20160824,US-9845071-B1
US-10508010-B2,20170301,US-2016210602-A1
US-2017223106-A1,20170301,US-2016217258-A1
KR-20200006326-A,20180710,KR-20170099043-A
US-10198712-B2,20180312,US-9953288-B2
KR-20190036154-A,20170927,KR-20170099043-A
US-10524009-B2,20161209,US-2016205159-A1
US-10524009-B2,20161209,US-9998245-B2
US-10356170-B2,20160427,US-2016380852-A1
US-10440073-B2,20170411,US-2016321347-A1
US-2017024743-A1,20160712,US-2016328692-A1
US-2017024743-A1,20160712,US-2016364713-A1
KR-20190061374-A,20171127,KR-20170090579-A
US-10525933-B2,20171205,US-9845071-B1
US-10062189-B2,20171116,US-2017084063-A1
US-10021090-B2,20170111,US-2016180290-A1
US-2018004859-A1,20160630,US-2016155069-A1
US-10332093-B2,20170907,US-2016260073-A1
US-10565579-B2,20170818,US-2016155108-A1
US-2018357819-A1,20170613,US-2016210602-A1
KR-101871745-B1,20180427,KR-101755409-B1
US-10303335-B2,20161208,US-2016217258-A1
US-10280054-B2,20160304,US-2016210602-A1
US-10216195-B2,20180524,US-9940840-B1
US-10546284-B2,20160112,US-2017011396-A1
US-2018287893-A1,20170329,US-2016284033-A1
US-10570000-B2,20170831,US-2016210602-A1
KR-20190138291-A,20190604,KR-20170099043-A
US-10331124-B2,20180719,US-2017124547-A1
US-10406438-B2,20170728,US-9940840-B1
US-10275822-B2,20180426,WO-2016168699-A1
US-10275822-B2,20180426,EP-3284051-A1
US-10377343-B2,20170515,US-9845071-B1
US-10435279-B2,20160304,US-2016210602-A1
US-10095372-B2,20160314,US-2017262136-A1
US-10138100-B2,20160304,US-2016210602-A1
US-10432507-B2,20181008,US-2017171047-A1
US-10504288-B2,20180417,US-2016253745-A1
US-10071893-B2,20160923,US-2016210602-A1
KR-101954590-B1,20170413,US-2016284033-A1
US-10089679-B2,20170720,US-2017039571-A1
US-10462150-B2,20171013,US-9519932-B2
US-10462150-B2,20171013,US-9524524-B2
WO-2019100056-A1,20181120,WO-2017066002-A1
WO-2017120709-A1,20161130,CN-105672729-A
US-2019075931-A1,20180723,US-2017003666-A1
WO-2019012554-A1,20180708,US-2017083901-A1
WO-2019036495-A1,20180814,US-2016284033-A1
WO-2019036495-A1,20180814,US-2017103468-A1
US-10460289-B2,20170202,US-2017103468-A1
US-10498808-B2,20180328,US-9888107-B2
US-10134084-B1,20171117,US-2016253745-A1
WO-2019001229-A1,20180605,CN-106228436-A
WO-2019246114-A1,20190618,US-2016364744-A1
WO-2019018277-A1,20180716,WO-2016112099-A1
WO-2019019525-A1,20171211,US-2016321335-A1
US-10565577-B2,20161209,US-9576285-B2
US-10593118-B2,20180504,US-2017323158-A1
US-10124259-B2,20180123,US-2017072318-A1
KR-101970641-B1,20171214,KR-101675820-B1
US-2017076273-A1,20161202,US-2016189137-A1
US-2017076273-A1,20161202,US-2016275482-A1
US-2017076273-A1,20161202,US-9619794-B2
US-2017076273-A1,20161202,US-9934506-B2
US-10572121-B2,20180209,US-2018060439-A1
KR-20190061725-A,20171128,KR-20160128287-A
US-10485355-B2,20180723,US-2017003666-A1
KR-20180002213-U,20170111,KR-20160104564-A
US-10021099-B2,20161122,US-2017039571-A1
US-2017330187-A1,20160516,US-2016342966-A1
US-10574648-B2,20170614,US-2016328692-A1
US-10574648-B2,20170614,US-2016364713-A1
US-10264215-B1,20180110,US-2016210602-A1
US-10216830-B2,20171212,US-2016217258-A1
US-2017011276-A1,20160708,US-2016292798-A1
US-10152306-B2,20171011,US-2016203453-A1
US-2018315156-A1,20170427,US-2018300714-A1
US-2017111175-A1,20161014,US-2016284033-A1
US-10176451-B2,20160616,US-2016275390-A1
US-10176451-B2,20160616,US-2016292554-A1
US-10380666-B2,20180413,US-2016292762-A1
US-10380666-B2,20180413,US-9972039-B2
US-10037343-B1,20180123,US-2017323158-A1
US-2016259331-A1,20160304,US-2016210602-A1
US-10547809-B2,20170710,US-9916617-B2
US-10178105-B2,20160222,US-2017046680-A1
US-10146947-B1,20180517,WO-2017066002-A1
US-2017344865-A1,20170626,US-9710743-B2
US-10261475-B1,20170314,US-2017003666-A1
US-10346869-B1,20161228,US-2018157725-A1
KR-102028589-B1,20190304,JP-2019504372-A
US-10380662-B2,20160830,US-2016132891-A1
US-10475221-B2,20170505,US-2018268391-A1
TW-I679547-B,20180309,CN-105976231-A
US-10402796-B2,20160829,US-2017046680-A1
US-10540630-B2,20160415,WO-2016168699-A1
US-10540630-B2,20160415,EP-3284051-A1
US-10275710-B1,20171031,US-2016155069-A1
KR-20190080254-A,20171228,KR-20170026264-A
KR-20190076845-A,20181119,KR-20170124053-A
KR-20200006320-A,20180710,KR-20170099043-A
KR-102041560-B1,20190220,KR-20170092037-A
US-10133811-B2,20160309,US-9811813-B2
US-10263993-B2,20180119,US-2017213210-A1
US-10351400-B2,20180809,US-2016210602-A1
US-10521579-B2,20180928,US-2017357972-A1
US-10432328-B2,20180417,US-9530137-B2
US-10586266-B2,20180726,US-2018005173-A1
US-9922322-B2,20160122,US-9530137-B2
WO-2018153209-A1,20180125,CN-106204217-A
US-2018171495-A1,20171112,US-2017012893-A1
US-10217087-B2,20161208,US-2016217258-A1
US-2018190119-A1,20161230,US-9940840-B1
KR-20200006297-A,20180710,KR-20170099043-A
US-10410414-B2,20180803,US-2016210602-A1
US-10452868-B1,20190703,US-9912677-B2
US-10540832-B2,20180222,US-9940840-B1
US-10591906-B2,20180314,US-2016328767-A1
US-10591906-B2,20180314,WO-2017055119-A1
US-10505720-B2,20190716,US-2018285879-A1
US-10600116-B2,20161102,WO-2017086174-A1
US-10600116-B2,20161102,US-2018253788-A1
US-10214400-B2,20180525,US-2016210602-A1
US-10548358-B2,20170816,US-2017027248-A1
US-10062079-B2,20171116,US-9530137-B2
KR-20190061783-A,20171128,KR-101744260-B1
US-10057255-B2,20160720,US-2016162902-A1
US-10057255-B2,20160720,US-2016162903-A1
US-2017353501-A1,20160601,US-2017178245-A1
US-10008099-B2,20160817,US-2017169362-A1
US-10353388-B2,20161017,US-9940840-B1
US-2018336548-A1,20170516,US-2017076284-A1
US-2017228704-A1,20170413,US-9563890-B2
US-2017228704-A1,20170413,US-9576285-B2
US-2017228704-A1,20170413,US-9704151-B2
US-2017308731-A1,20170711,US-2017357972-A1
US-2018109917-A1,20171031,US-2016132891-A1
US-10303992-B2,20180514,US-2016275390-A1
US-10303992-B2,20180514,US-2016292554-A1
US-10303992-B2,20180514,US-2016371576-A1
US-10303992-B2,20180514,US-9626610-B2
US-10303992-B2,20180514,US-9646237-B2
US-10303992-B2,20180514,US-9710743-B2
US-2017200046-A1,20170111,US-2016210602-A1
US-2018039699-A1,20160802,US-2016328787-A1
US-10007813-B2,20160310,US-2016203667-A1
US-10007813-B2,20160310,US-2016203466-A1
US-10007813-B2,20160310,US-2016371513-A1
US-10387878-B2,20160222,US-2017046680-A1
US-10486951-B2,20170302,US-2016210602-A1
US-10360648-B1,20160622,US-2016335613-A1
US-10360648-B1,20160622,US-2017083901-A1
US-10333921-B2,20160408,US-9530137-B2
US-10410190-B1,20180731,WO-2017098519-A1
US-10558963-B2,20161014,US-2017011396-A1
US-10515519-B2,20181121,US-9607201-B1
US-10586199-B2,20180514,US-2017091837-A1
US-10586199-B2,20180514,US-9928529-B2
US-10254764-B2,20170530,US-9940840-B1
KR-20200006314-A,20180710,KR-20170099043-A
US-10489694-B2,20180116,US-2018013916-A1
US-10489694-B2,20180116,US-10142512-B2
KR-102052344-B1,20180611,KR-20170026264-A
US-10460304-B2,20181212,US-2017004479-A1
US-10459454-B2,20170901,US-9940840-B1
US-10430898-B2,20180730,US-2016284033-A1
US-10430898-B2,20180730,US-2017103468-A1
US-10558824-B1,20190703,US-9912677-B2
US-10579981-B2,20170510,US-2016196549-A1
US-10242218-B2,20171023,US-2016285954-A1
KR-20190064288-A,20171130,KR-101801846-B1
US-2016313876-A1,20160422,US-2017180961-A1
US-2017070761-A1,20161118,US-9609037-B2
US-10339622-B1,20180302,US-2016321666-A1
CN-107886392-A,20171031,CN-105550832-A
CN-106650496-A,20161216,CN-106230851-A
CN-106790265-A,20170210,CN-106230851-A
US-2016247154-A1,20160223,US-2016210602-A1
US-10148376-B1,20180509,US-9998245-B2
US-10552639-B1,20190711,US-9912677-B2
US-9858603-B2,20160202,US-2016188915-A1
US-9858603-B2,20160202,US-2016203466-A1
US-9858603-B2,20160202,US-2016371513-A1
US-10565764-B2,20180409,US-9740372-B2
US-10410076-B2,20180212,US-2017357972-A1
US-10599156-B2,20180727,US-2017124547-A1
US-10068284-B1,20171228,US-2016217515-A1
US-10068284-B1,20171228,US-2016284008-A1
US-10316553-B2,20160120,US-9845071-B1
US-10580244-B2,20181205,US-2017032288-A1
US-10535047-B1,20161115,US-2017344975-A1
US-10585953-B1,20171229,US-2018300714-A1
US-2018374372-A1,20171215,US-2016342690-A1
CN-107507075-A,20170926,CN-105787787-A
US-2016209983-A1,20160330,US-2016328767-A1
TW-I674788-B,20180903,WO-2018115567-A1
US-10440102-B2,20161208,US-2016217258-A1
US-10417543-B2,20180716,US-2016275390-A1
US-10417543-B2,20180716,US-2016292554-A1
US-10417543-B2,20180716,US-2016371576-A1
US-10417543-B2,20180716,US-9626610-B2
US-10417543-B2,20180716,US-9646237-B2
US-10417543-B2,20180716,US-9710743-B2
US-10491153-B2,20170804,US-2016307413-A1
US-10580058-B2,20180612,US-2016284008-A1
CN-107196989-A,20170321,CN-106230851-A
US-10071891-B2,20160304,US-2016210602-A1
KR-20190100789-A,20180221,KR-20160113532-A
US-10257724-B2,20180312,US-2017103468-A1
US-10445696-B2,20170103,US-2017116572-A1
US-10515715-B1,20190625,US-2018308143-A1
US-10019238-B2,20160622,US-2016203538-A1
US-10019238-B2,20160622,US-2016203544-A1
KR-102060274-B1,20190410,KR-101716403-B1
US-10346400-B2,20170124,US-2017352051-A1
US-10356027-B2,20170203,US-2018060439-A1
WO-2020019785-A1,20190424,CN-105976231-A
KR-102021311-B1,20190214,KR-20180007081-A
US-10354240-B2,20171212,US-9530137-B2
US-10147284-B2,20170622,US-2016217258-A1
US-10559026-B2,20180207,US-9916617-B2
US-10419446-B2,20170710,US-2017103468-A1
US-10516997-B2,20180914,US-2017357972-A1
WO-2019030050-A1,20180731,WO-2016182223-A1
WO-2018209159-A1,20180510,US-2016321666-A1
WO-2018218678-A1,20170602,CN-106372834-A
US-10397000-B2,20170814,US-2016132704-A1
US-10419933-B2,20180404,US-2017357972-A1
CN-107808454-A,20171031,CN-106297010-A
EP-3518190-A1,20190130,US-2016217356-A1
US-10282727-B2,20161014,US-2017357972-A1
US-10234871-B2,20180102,US-9940840-B1
US-10154084-B2,20170113,US-9530137-B2
US-10291627-B2,20161017,US-2018285879-A1
US-2019035044-A1,20180726,US-2018285852-A1
KR-20200011728-A,20180725,KR-20180064326-A
WO-2019104951-A1,20180517,CN-106204240-A
US-9959531-B2,20160530,US-9530137-B2
KR-101868112-B1,20171030,KR-20170096463-A
US-10391361-B2,20160225,US-9819561-B2
US-10027796-B1,20170324,US-2017124527-A1
US-10026118-B2,20160222,US-2017046680-A1
KR-101955504-B1,20171120,US-2016284033-A1
US-10395252-B2,20180504,US-2017039571-A1
TW-I646487-B,20170623,WO-2017066002-A1
US-10027611-B2,20160318,US-2016210602-A1
US-10516707-B2,20170217,US-2016321347-A1
US-10489849-B2,20160113,US-2016203544-A1
US-10484490-B2,20171005,US-2016335679-A1
US-10484490-B2,20171005,US-2016335675-A1
US-10484490-B2,20171005,US-9519932-B2
US-10484490-B2,20171005,US-9524524-B2
KR-20200006237-A,20180710,KR-20170099043-A
US-10484834-B1,20190724,US-9858603-B2
US-10421542-B2,20170316,US-2016292798-A1
WO-2019094828-A1,20181109,WO-2017070469-A1
US-10599957-B2,20181026,US-2017011105-A1
WO-2018126345-A1,20170104,CN-106408369-A
WO-2019181127-A1,20181225,WO-2017145510-A1
WO-2018232493-A1,20180622,WO-2017066002-A1
US-9723434-B1,20160524,US-2016275483-A1
WO-2020014379-A1,20190710,US-2016328788-A1
WO-2018205329-A1,20170608,CN-106297010-A
WO-2019083072-A1,20171031,KR-20160137459-A
WO-2018231991-A1,20180613,US-2016285954-A1
WO-2019180523-A1,20190304,CN-106296359-A
WO-2019245441-A1,20190619,SE-1651711-A1
WO-2018126424-A1,20170105,WO-2016188210-A1
WO-2018040762-A1,20170717,CN-106327266-A
KR-20200006272-A,20180710,KR-20170099043-A
US-10558938-B2,20181119,US-2017091837-A1
US-10558938-B2,20181119,US-9928529-B2
US-10346794-B2,20160304,US-2016210602-A1
US-10276025-B2,20180604,US-2016162863-A1
US-10142347-B2,20160404,US-2017046680-A1
US-10503961-B2,20180514,US-2018033066-A1
KR-102041977-B1,20190410,KR-101706889-B1
FR-3075424-A1,20171220,US-2017103468-A1
CN-106780033-A,20161216,CN-105976231-A
EP-3444771-A1,20180713,US-2017103468-A1
EP-3413601-A1,20180604,WO-2017043746-A1
US-10341105-B2,20170607,US-2016321278-A1
US-10147076-B2,20180201,US-9563890-B2
US-10147076-B2,20180201,US-9576285-B2
US-10147076-B2,20180201,US-9704151-B2
KR-20180115398-A,20170413,US-2016284033-A1
US-10366388-B2,20160413,US-2017213210-A1
WO-2018214361-A1,20170928,WO-2017063356-A1
US-9990504-B1,20171218,WO-2017066002-A1
WO-2018053541-A1,20170919,US-2016189144-A1
US-10235651-B2,20171214,US-2017124547-A1
US-10289833-B2,20170526,US-9727867-B2
US-10579825-B2,20190902,US-2016284033-A1
US-10515204-B2,20180301,US-2016162903-A1
US-10515204-B2,20180301,US-9530137-B2
US-10142312-B2,20160222,US-2017046680-A1
WO-2019090005-A1,20181101,US-2017103468-A1
WO-2019146449-A1,20190115,WO-2017026544-A1
US-2017344624-A1,20160524,US-2017076330-A1
US-2017206804-A1,20160919,US-2017004703-A1
WO-2019088725-A1,20181101,KR-101755409-B1
US-9633296-B2,20160622,US-2016275390-A1
US-9633296-B2,20160622,US-2016292554-A1
US-9965770-B2,20170130,US-2016364744-A1
WO-2019019853-A1,20180627,CN-106230851-A
WO-2019123702-A1,20180725,WO-2017056436-A1
WO-2019240804-A1,20180614,US-2017103468-A1
KR-20190097994-A,20180214,KR-20170087700-A
KR-20190076846-A,20181119,KR-20170124053-A
US-10044690-B2,20160607,US-2017180961-A1
US-10303128-B2,20160729,US-2016285954-A1
US-10204265-B2,20170111,US-2016210602-A1
KR-20200006262-A,20180710,KR-20170099043-A
US-10548033-B2,20160812,US-9530137-B2
US-10579836-B1,20170831,US-2016188915-A1
US-10579836-B1,20170831,US-2016203667-A1
US-10579836-B1,20170831,US-2016371513-A1
US-10579836-B1,20170831,US-9595033-B2
WO-2017208110-A1,20170523,US-2016275483-A1
WO-2019198345-A1,20190220,WO-2017221313-A1
US-9619794-B2,20160304,US-2016189137-A1
WO-2018214835-A1,20180521,CN-105976231-A
WO-2018218854-A1,20171020,CN-106469369-A
US-10496763-B2,20181120,US-2016210602-A1
US-10530499-B2,20180910,US-9530137-B2
US-10081525-B2,20160923,US-2016210602-A1
TW-I659377-B,20170126,CN-105976231-A
US-10133460-B2,20160218,US-2016210602-A1
TW-I680423-B,20170126,CN-105976231-A
US-10438296-B2,20161018,US-2017091851-A1
US-2017103120-A1,20161220,US-2016210602-A1
US-10514706-B2,20180326,US-9940840-B1
US-10024682-B2,20170215,US-2017357972-A1
US-10262001-B2,20170927,US-9530137-B2
US-2018349998-A1,20180418,US-2017372420-A1
WO-2019027453-A1,20170802,WO-2017098519-A1
US-9971984-B2,20160712,US-2017091837-A1
US-9971984-B2,20160712,US-9928529-B2
US-2018157884-A1,20161207,US-2016253656-A1
US-2018210405-A1,20180323,US-2017003666-A1
US-10037507-B2,20170417,US-2016275390-A1
US-10037507-B2,20170417,US-2016292554-A1
US-10037507-B2,20170417,US-2016371576-A1
US-10037507-B2,20170417,US-9626610-B2
US-10037507-B2,20170417,US-9646237-B2
US-10037507-B2,20170417,US-9710743-B2
US-10497148-B2,20180115,US-2016210602-A1
US-10467683-B2,20161205,US-2017024797-A1
US-10467683-B2,20161205,US-2017083966-A1
US-10262251-B2,20171101,US-2016275390-A1
US-10262251-B2,20171101,US-2016292554-A1
US-10262251-B2,20171101,US-2016371576-A1
US-10262251-B2,20171101,US-9626610-B2
US-10262251-B2,20171101,US-9646237-B2
US-10262251-B2,20171101,US-9710743-B2
US-10403044-B2,20170721,US-2016253843-A1
US-10423981-B2,20180315,US-9998245-B2
US-10477393-B2,20180627,US-9530137-B2
US-10272317-B2,20170315,US-9819561-B2
US-10592386-B2,20181026,US-2017011105-A1
US-10552942-B2,20170908,US-2016313889-A1
US-10162970-B2,20180205,US-2016248795-A1
KR-20190108701-A,20180315,KR-20180022512-A
US-10192209-B2,20160915,US-2017004479-A1
KR-101945705-B1,20171110,JP-6234540-B1
KR-101962363-B1,20180705,KR-20170082294-A
US-D808404-S,20160331,US-2016210602-A1
WO-2019198711-A1,20190409,WO-2016168120-A1
US-10409783-B1,20180606,US-2017213210-A1
US-10351399-B2,20180212,US-2016210602-A1
US-10148646-B2,20160720,US-2016162903-A1
US-10148646-B2,20160720,US-2016162902-A1
US-10417356-B1,20160616,US-2016210602-A1
US-10474833-B2,20190213,US-2017187758-A1
US-10453475-B2,20170214,US-2018052922-A1
US-10069917-B2,20170301,US-2016217258-A1
KR-102019547-B1,20170710,KR-101754734-B1
US-10362160-B2,20180205,US-9888107-B2
US-10438209-B2,20160331,US-2017046680-A1
CN-107944285-B,20171130,CN-107016606-A
CN-106980756-A,20170314,CN-105868977-A
US-9974111-B1,20170106,WO-2016144784-A1
WO-2019011805-A1,20180706,US-2017068551-A1
WO-2018028289-A1,20170607,CN-106297010-A
KR-20200006269-A,20180710,KR-20170099043-A
KR-20190021792-A,20170824,KR-20160021436-A
KR-101969778-B1,20180104,KR-101624959-B1
US-10384584-B2,20180125,US-2016247212-A1
KR-102008696-B1,20190327,KR-20180047489-A
US-10469263-B2,20170214,WO-2017066002-A1
US-10572864-B2,20170609,US-9530137-B2
JP-2019023776-A,20170721,KR-20170041125-A
US-9971996-B2,20170612,US-9547856-B2
US-10091211-B1,20180410,US-9444812-B1
US-2019100146-A1,20171002,US-2017053331-A1
US-10204227-B2,20170419,US-9530137-B2
KR-20190123610-A,20180424,KR-101716403-B1
TW-I678908-B,20180601,CN-105976231-A
WO-2019095884-A1,20180930,CN-106096882-A
WO-2018161268-A1,20170308,CN-106204209-A
US-10549201-B2,20181015,US-2017072318-A1
KR-102012758-B1,20180228,KR-101749242-B1
KR-20190019386-A,20170817,KR-101676344-B1
KR-20190106087-A,20180307,KR-20170096509-A
CN-109160161-A,20180712,WO-2017041145-A1
WO-2018072617-A1,20171009,CN-105913277-A
US-9901830-B1,20170526,US-2017072318-A1
WO-2017215231-A1,20161223,CN-105844762-A
RU-2708344-C1,20181107,WO-2018115567-A1
US-10496965-B2,20180719,US-9530137-B2
KR-102077805-B1,20181126,KR-20170082294-A
US-10057249-B2,20160720,US-2016162903-A1
US-10057249-B2,20160720,US-2016162902-A1
US-10289992-B1,20160617,US-2016335613-A1
US-10289992-B1,20160617,US-2017083901-A1
US-10380513-B2,20160902,US-2016155069-A1
US-10380513-B2,20160902,US-2017249573-A1
US-10380513-B2,20160902,US-2017262422-A1
US-10380513-B2,20160902,US-2017262776-A1
US-2016203457-A1,20160108,US-2017039542-A1
US-10552828-B2,20160126,US-9530137-B2
US-10181111-B1,20160112,US-2017200218-A1
US-10339516-B2,20160107,US-2016203453-A1
US-10520952-B1,20180615,US-9940840-B1
US-10019723-B2,20170802,US-2016292737-A1
KR-20200006252-A,20180710,KR-20170099043-A
US-10528369-B2,20170125,KR-20160023754-A
US-10524165-B2,20170622,US-2017083966-A1
KR-102081293-B1,20180213,KR-101723467-B1
WO-2019173473-A1,20190306,US-2017003666-A1
WO-2019024500-A1,20180307,CN-105976231-A
US-10298593-B2,20180613,US-2016285954-A1
WO-2019195821-A1,20190408,WO-2017066002-A1
CN-108366636-A,20170308,CN-106204209-A
KR-102011010-B1,20180105,KR-101729646-B1
US-10458171-B2,20160919,US-9845071-B1
US-10489687-B2,20170508,US-2018033066-A1
US-10298587-B2,20160620,US-2016253843-A1
WO-2018190473-A1,20170808,US-2016284033-A1
US-10239740-B2,20160304,US-2016210602-A1
US-10282602-B1,20180913,US-2016210602-A1
US-9965712-B2,20170424,US-2016275390-A1
US-9965712-B2,20170424,US-2016292554-A1
US-9965712-B2,20170424,US-2016371576-A1
US-9965712-B2,20170424,US-9626610-B2
US-9965712-B2,20170424,US-9646237-B2
WO-2019243359-A1,20190618,US-2017103468-A1
WO-2019104023-A1,20181120,US-9607201-B1
WO-2020005825-A1,20190624,WO-2017055119-A1
US-9646277-B2,20160425,US-2016275390-A1
US-9646277-B2,20160425,US-2016292554-A1
US-10164996-B2,20160310,US-9530137-B2
KR-102077749-B1,20190918,KR-20180027861-A
US-10494838-B2,20161123,US-9845071-B1
WO-2019182173-A1,20180321,US-2016284033-A1
WO-2019221551-A1,20190517,KR-20170026264-A
US-2019129729-A1,20171027,US-9876731-B2
US-10147253-B1,20170817,US-2017349142-A1
US-10296889-B2,20160503,WO-2017072589-A2
US-10296889-B2,20160503,US-2017357972-A1
US-10188890-B2,20180510,US-9819561-B2
US-10220259-B2,20160517,US-9819561-B2
KR-102062644-B1,20180618,KR-101807658-B1
US-2018374181-A1,20180726,US-2016292737-A1
RU-2701069-C1,20190109,RU-2620724-C1
US-10375125-B2,20170427,US-2016321347-A1
WO-2019208873-A1,20180718,KR-101755409-B1
WO-2018137475-A1,20180129,CN-105809520-A
US-10572785-B2,20180906,US-2016275390-A1
US-10572785-B2,20180906,US-2016292554-A1
US-10572785-B2,20180906,US-2016371576-A1
US-10572785-B2,20180906,US-9626610-B2
US-10572785-B2,20180906,US-9646237-B2
US-10572785-B2,20180906,US-9710743-B2
US-10021344-B2,20161221,US-2016210602-A1
CN-107122950-A,20170321,CN-106204209-A
CN-108154048-A,20161202,CN-105976231-A
CN-107818461-A,20171026,CN-106570692-A
US-2018374128-A1,20170623,US-2016267403-A1
KR-102080769-B1,20190515,KR-101729646-B1
US-10585758-B2,20161019,US-2016210602-A1
US-10110664-B2,20160225,US-2016210602-A1
US-10152229-B2,20180427,WO-2017072589-A2
US-10303258-B2,20161121,US-2016275483-A1
US-10430968-B2,20170314,US-2016210602-A1
WO-2020036689-A1,20190628,US-2017323280-A1
EP-3299935-A1,20170925,EP-3062280-A1
CN-108156503-A,20171214,CN-106228436-A
WO-2020010383-A1,20190712,WO-2017070469-A1
WO-2019221511-A1,20190515,KR-20170142645-A
WO-2019033635-A1,20171211,CN-106204240-A
US-10383198-B2,20160720,US-2018293593-A1
US-9595033-B2,20160202,US-2016188915-A1
US-9595033-B2,20160202,US-2016203667-A1
CN-107845171-A,20171113,CN-106740680-A
US-10535093-B2,20180828,US-2017039571-A1
US-10515335-B2,20190128,US-2017124547-A1
RU-2664402-C1,20170621,WO-2017066002-A1
KR-20190114603-A,20180330,KR-20180017597-A
US-10187424-B2,20160607,US-2016248795-A1
WO-2020013496-A1,20190701,KR-20170013835-A
WO-2019200088-A1,20190411,WO-2017041145-A1
WO-2018114455-A1,20171212,US-2016210602-A1
WO-2019139753-A1,20181219,US-2017116572-A1
WO-2019153490-A1,20180412,CN-105976231-A
US-2018075405-A1,20170911,US-2016328767-A1
KR-20190105164-A,20180221,KR-101749242-B1
KR-101954952-B1,20171101,KR-20170086354-A
KR-101895479-B1,20180119,KR-20170026264-A
US-10027648-B2,20170728,US-2016321649-A1
US-10080132-B2,20160328,US-2016300201-A1
KR-20200006250-A,20180710,KR-20170099043-A
US-10147135-B2,20180404,US-2016210602-A1
WO-2018126344-A1,20170103,CN-106230851-A
WO-2018076762-A1,20170630,CN-105976231-A
US-10511692-B2,20170622,US-2017083966-A1
US-10601665-B2,20170726,US-2017103468-A1
US-9992022-B1,20171218,WO-2017066002-A1
US-10523625-B1,20170309,US-10148910-B2
WO-2018204822-A1,20180504,WO-2017070469-A1
CN-108109022-A,20161125,CN-105976233-A
CN-107392622-A,20160517,CN-105550831-A
CN-108011370-A,20171227,CN-106296359-A
CN-109495437-A,20180828,US-2017270428-A1
CN-109583183-A,20181203,CN-107679045-A
US-D808405-S,20160331,US-2016210602-A1
US-10194398-B2,20180726,US-9578027-B1
WO-2019133910-A1,20181228,US-2016217258-A1
WO-2019094058-A1,20180815,WO-2017100755-A1
US-9953344-B2,20160429,US-2016205159-A1
US-9947015-B1,20170505,US-2016132704-A1
CN-107139211-A,20170526,CN-106560859-A
WO-2018165668-A1,20180312,US-2017103468-A1
US-10176642-B2,20170306,US-2016253745-A1
US-10129238-B2,20160222,US-2017046680-A1
US-10049353-B2,20170821,US-9530137-B2
US-10298575-B2,20161208,US-2016217258-A1
US-10355910-B1,20181204,US-2016143004-A1
US-10469888-B2,20170111,US-2016205159-A1
US-10469888-B2,20170111,US-9998245-B2
US-10261952-B1,20160608,US-2016328715-A1
US-10255768-B2,20170912,US-9530137-B2
US-10239738-B2,20160304,US-2016210602-A1
US-9619843-B2,20160211,US-2016162999-A1
US-9619843-B2,20160211,US-2016162997-A1
US-D845986-S,20180212,US-2018308143-A1
WO-2018125989-A3,20171228,WO-2017066002-A1
WO-2019010068-A1,20180628,WO-2017098519-A1
WO-2019017383-A1,20180718,JP-2017138721-A
WO-2018097653-A1,20171124,US-2016328715-A1
WO-2019075186-A1,20181011,US-2016284033-A1
WO-2018134813-A1,20180116,US-2016275543-A1
CN-106601277-A,20161102,CN-105930691-A
CN-109616214-A,20181122,CN-106204209-A
CN-107566381-A,20170912,CN-106296359-A
US-2016275482-A1,20160530,US-2016275483-A1
KR-101731626-B1,20160831,US-2016155069-A1
KR-102046925-B1,20190530,KR-20170092768-A
WO-2018194736-A1,20180122,US-2016275483-A1
US-9896315-B2,20160304,US-2016210602-A1
WO-2019169608-A1,20180308,CN-107169815-A
WO-2018232708-A1,20170622,CN-105956028-A
EP-3459026-A4,20180613,WO-2017166877-A1
CN-107274167-B,20170512,CN-106355464-A
CN-107369074-A,20170726,CN-106056439-A
US-10318938-B2,20160222,US-2017046680-A1
KR-101872730-B1,20170604,KR-101729678-B1
US-10261325-B2,20170621,US-2016253843-A1
US-2018077677-A1,20160915,US-2017004529-A1
EP-3564873-A1,20180712,US-2017103468-A1
US-10574784-B2,20170315,US-2017091837-A1
US-10574784-B2,20170315,US-9928529-B2
KR-20190032936-A,20170920,KR-20170082294-A
WO-2019218335-A1,20180518,CN-108022140-A
WO-2019135754-A1,20180104,WO-2016194275-A1
US-10460330-B1,20180809,US-2017178245-A1
US-10258093-B2,20160419,US-2017027248-A1
US-9563890-B2,20160530,US-2016275483-A1
US-10561461-B2,20181217,WO-2017197625-A1
US-10080048-B2,20160826,US-2016189137-A1
US-10346840-B2,20181206,US-2017116603-A1
US-10229392-B2,20160810,US-2016210602-A1
US-10137777-B2,20170119,US-9576285-B2
US-10361856-B2,20170623,US-9530137-B2
KR-101911328-B1,20171213,KR-101779503-B1
US-10395128-B2,20180223,US-2017357972-A1
US-10534533-B2,20161222,US-2018060928-A1
US-10584526-B2,20190110,US-9845071-B1
US-10409858-B2,20161129,US-2017180961-A1
KR-20200006312-A,20180710,KR-20170099043-A
US-10382568-B2,20160812,US-2016321278-A1
US-10419529-B2,20181106,US-9530137-B2
WO-2019222147-A1,20190514,WO-2016151316-A1
WO-2018208669-A1,20180507,US-2016248795-A1
US-10304033-B2,20170911,US-2016328767-A1
KR-102043398-B1,20180221,KR-101749242-B1
US-2017309273-A1,20170420,US-2018040046-A1
KR-20200006274-A,20180710,KR-20170099043-A
US-10484190-B2,20180222,US-2016301979-A1
US-10524268-B2,20180508,US-2016300201-A1
US-10572778-B1,20190315,US-2017039571-A1
KR-20190054861-A,20180105,KR-101729646-B1
KR-20180076811-A,20161228,KR-101687515-B1
CN-108020718-A,20171127,WO-2016138556-A1
CN-107135387-A,20170505,CN-105913277-A
FR-3069076-A1,20170713,US-2017068551-A1
US-9854426-B1,20161017,US-9563890-B2
US-9854426-B1,20161017,US-9576285-B2
US-9801517-B2,20160304,US-2016210602-A1
WO-2019103707-A1,20180412,WO-2017066002-A1
WO-2019161040-A1,20190214,US-2017103468-A1
US-2017200177-A1,20170111,US-2016328692-A1
US-10037647-B1,20170614,WO-2016153238-A1
TW-I623897-B,20170126,US-2017011396-A1
US-10559210-B2,20180626,US-2018128638-A1
US-10445915-B1,20190409,KR-101803006-B1
US-10467241-B2,20170324,US-2017012893-A1
CN-107819770-A,20171115,WO-2017066002-A1
CN-107294706-B,20170609,CN-106067849-A
US-10412573-B2,20180806,US-2016321666-A1
US-10412573-B2,20180806,US-2016321649-A1
CN-107220825-A,20170517,CN-106056439-A
CN-107393152-A,20170814,CN-106710071-A
CN-107330398-A,20170627,CN-106127564-A
US-D872761-S,20180223,US-10372305-B2
WO-2017166941-A1,20170217,CN-105809520-A
WO-2018201798-A1,20180309,CN-105976231-A
WO-2018201291-A1,20170502,CN-106372834-A
WO-2019179382-A1,20190318,US-2016217454-A1
WO-2020037933-A1,20181229,CN-106710071-A
US-9613373-B2,20160629,US-2016155185-A1
WO-2018147806-A1,20180208,US-2016284033-A1
WO-2019222758-A1,20190520,US-2017228965-A1
WO-2017166535-A1,20160712,CN-105894352-A
WO-2017166535-A1,20160712,CN-105894353-A
US-9665865-B1,20170131,US-2016275483-A1
US-9665865-B1,20170131,US-2016275482-A1
US-9665865-B1,20170131,US-2017076272-A1
WO-2018207057-A1,20180502,US-2017076272-A1
WO-2019151620-A1,20181112,KR-101734915-B1
US-10558713-B2,20181002,US-2016210602-A1
US-10586062-B1,20161122,WO-2017098519-A1
KR-20190100581-A,20180221,KR-20170106684-A
US-10585496-B2,20170817,US-2016275576-A1
KR-101984071-B1,20181010,KR-101689637-B1
KR-102051835-B1,20190329,KR-101643720-B1
US-10158552-B2,20160812,US-9530137-B2
WO-2019198845-A1,20180413,WO-2017066002-A1
US-9662586-B1,20170111,US-2017072318-A1
US-9858168-B2,20161111,US-2016248795-A1
WO-2018156390-A1,20180213,WO-2017066002-A1
WO-2018200342-A1,20180420,US-2016155069-A1
WO-2019216528-A1,20190211,KR-20170107581-A
WO-2018227341-A1,20170612,CN-105979368-A
WO-2018125881-A1,20171227,US-2016328767-A1
US-9652808-B2,20160211,US-2016162997-A1
US-9652808-B2,20160211,US-2016162998-A1
WO-2018032955-A1,20170728,CN-106296367-A
CN-106682942-A,20161230,CN-105894352-A
CN-108249005-A,20180110,JP-6105135-B1
WO-2018217950-A3,20180523,US-2017116603-A1
WO-2019192119-A1,20180813,CN-107016606-A
US-9877153-B1,20161018,US-2016132891-A1
US-9900145-B2,20160519,US-2016234193-A1
WO-2019018611-A1,20180719,WO-2017041145-A1
WO-2019148019-A1,20190125,WO-2017075498-A1
US-10563436-B2,20181121,US-9845071-B1
US-10212254-B1,20160722,US-2016253659-A1
US-10212254-B1,20160722,US-9547856-B2
TW-I665628-B,20180126,CN-105550832-A
US-10592932-B2,20160905,WO-2018088584-A1
US-10460415-B2,20170410,US-2017068551-A1
US-10515350-B2,20160825,US-2016253656-A1
US-10515350-B2,20160825,US-2016321666-A1
US-10515350-B2,20160825,US-2016321649-A1
US-10242390-B2,20170731,US-2016210602-A1
US-10319150-B1,20170515,US-9519932-B2
US-10445698-B2,20170630,US-2017103468-A1
US-10535199-B1,20180618,US-2016210602-A1
US-10140470-B2,20160222,US-2017046680-A1
US-10264056-B2,20161208,US-2016217258-A1
CN-107634998-A,20170914,CN-106097590-A
CN-107634998-A,20170914,CN-106740680-A
CN-107274270-A,20170620,CN-106408238-A
CN-106878396-A,20170119,CN-105976231-A
CN-106534097-A,20161027,CN-105976231-A
US-10043186-B2,20170829,US-9530137-B2
US-10474834-B1,20190604,WO-2017066002-A1
US-10127786-B1,20170710,US-2016248795-A1
US-10275740-B2,20171101,US-2018005173-A1
US-10552461-B2,20160916,US-2016260162-A1
US-10496808-B2,20171012,US-2017357972-A1
US-10467784-B2,20190314,US-2017084063-A1
US-10467784-B2,20190314,US-9852530-B2
US-10375474-B2,20170612,US-2016321347-A1
US-10264679-B2,20160412,US-2017004703-A1
US-10315897-B2,20161007,US-2016210602-A1
DE-102018206526-A1,20180426,US-9940840-B1
CN-106559211-A,20161122,CN-105976231-A
WO-2020033952-A1,20190812,WO-2016112099-A1
WO-2019108448-A1,20181121,US-2016284033-A1
US-2017270510-A1,20160825,US-2016253656-A1
US-2017270510-A1,20160825,US-2016321666-A1
US-2017270510-A1,20160825,US-2016321649-A1
US-10055714-B2,20170413,US-9563890-B2
US-10055714-B2,20170413,US-9576285-B2
US-10055714-B2,20170413,US-9704151-B2
US-10339520-B2,20170911,US-9530137-B2
KR-102057328-B1,20171205,KR-101678521-B1
US-10289642-B2,20160606,US-2016248795-A1
KR-20200006330-A,20180710,KR-20170099043-A
US-10341344-B2,20180622,US-2017039571-A1
US-10293784-B2,20180306,US-2016132053-A1
US-10467559-B1,20170929,US-2016335613-A1
US-10467559-B1,20170929,US-9576285-B2
US-10467559-B1,20170929,US-2017083901-A1
US-10552792-B2,20171227,US-2016328767-A1
US-10412223-B2,20181101,US-2017068551-A1
US-10243958-B2,20170109,US-9530137-B2
US-10402068-B1,20160616,US-2016210602-A1
KR-20190091120-A,20180126,KR-20170086873-A
CN-106548350-A,20161117,WO-2016178225-A1
EP-3503001-A1,20171220,US-2016132704-A1
JP-2018526947-A,20160728,WO-2016151316-A1
CN-109043861-A,20180713,CN-108022121-A
CN-108282747-A,20171228,CN-106352884-A
US-2018189724-A1,20171227,US-2016328767-A1
US-10223571-B2,20170711,US-2017357972-A1
US-10248952-B2,20161028,US-9530137-B2
US-10297255-B2,20170123,US-2016353240-A1
US-10311420-B1,20160617,US-2016335613-A1
US-10311420-B1,20160617,US-2017083901-A1
US-9908760-B2,20160304,US-2016210602-A1
WO-2018083638-A1,20171103,US-2016275483-A1
WO-2018083638-A1,20171103,US-2017076272-A1
US-9626610-B2,20160615,US-2016275390-A1
US-9626610-B2,20160615,US-2016292554-A1
US-10499010-B2,20181107,US-10148910-B2
TW-I627839-B,20170224,CN-106204187-A
CN-107010095-A,20170310,CN-106372889-A
CN-107846278-B,20171030,CN-105976231-A
CN-107866072-A,20171031,CN-106991425-A
US-10516709-B2,20170629,US-2016321347-A1
CN-108494801-A,20180518,CN-106296359-A
CN-107133437-A,20170303,CN-105868977-A
WO-2019160996-A1,20190213,US-2017003846-A1
WO-2019099743-A1,20181115,US-2016247212-A1
US-9838395-B2,20170417,US-2016285954-A1
US-9838395-B2,20170417,US-2017187758-A1
WO-2020003733-A1,20190426,WO-2017026544-A1
WO-2018201292-A1,20170502,CN-106372834-A
US-D813905-S,20170213,US-2016210602-A1
DE-102017102353-B4,20170207,DE-102016112911-A1
IT-201700118804-A1,20171020,US-2017011407-A1
WO-2019014027-A1,20180703,US-2016292798-A1
WO-2018228338-A1,20180611,CN-105976231-A
WO-2018228338-A1,20180611,US-2017103468-A1
US-10268851-B2,20170908,US-2016132891-A1
US-10017322-B2,20170328,US-2016210602-A1
KR-20200007331-A,20180712,KR-20170141568-A
US-10310802-B2,20160330,US-2016210602-A1
RU-2694001-C2,20171124,US-2016155070-A1
WO-2018237378-A1,20180625,US-2016253634-A1
WO-2018059854-A1,20170828,US-2016284033-A1
US-10251079-B2,20160812,US-9530137-B2
KR-102006960-B1,20180309,KR-20160101688-A
US-10038563-B2,20170809,US-9530137-B2
US-10049314-B2,20170626,US-2016275390-A1
US-10049314-B2,20170626,US-2016292554-A1
US-10049314-B2,20170626,US-2016371576-A1
US-10049314-B2,20170626,US-9626610-B2
US-10049314-B2,20170626,US-9646237-B2
US-10049314-B2,20170626,US-9710743-B2
US-10376308-B2,20160205,WO-2017197625-A1
US-10534122-B2,20170419,US-2016328767-A1
US-10375375-B2,20170818,US-2016210602-A1
US-10483903-B2,20170804,US-2016307413-A1
KR-20190103629-A,20180228,KR-20170110342-A
US-10084988-B2,20170322,US-2016210602-A1
US-10269003-B2,20170721,JP-6278481-B2
US-10313321-B2,20160407,US-9530137-B2
EP-3468130-A1,20171006,WO-2017072647-A1
US-10372998-B2,20170808,US-2018033066-A1
US-10222961-B2,20160819,US-2016210602-A1
US-10152840-B2,20170315,US-2017032288-A1
WO-2017115198-A1,20161214,US-2016275483-A1
WO-2017115198-A1,20161214,US-2016275482-A1
US-9990830-B2,20161006,US-2016162863-A1
WO-2019155554-A1,20180207,JP-2017188023-A
KR-101898665-B1,20170517,KR-101669882-B1
KR-20170133896-A,20160527,KR-20160022850-A
US-10296882-B2,20161208,US-2016217258-A1
US-10304094-B2,20180228,US-2017091837-A1
US-10304094-B2,20180228,US-9928529-B2
WO-2019101111-A1,20181121,CN-106097590-A
WO-2019033097-A1,20180813,US-2016275483-A1
WO-2017198184-A1,20170518,CN-106022880-A
WO-2019212129-A1,20190211,KR-20170107581-A
FR-3084506-A1,20180730,US-9940840-B1
WO-2019014523-A1,20180713,WO-2017098519-A1
US-9948582-B2,20170119,US-2017171047-A1
WO-2019191688-A1,20190329,US-2017103468-A1
WO-2018217804-A1,20180522,US-2017103468-A1
WO-2019172488-A1,20180718,KR-101755409-B1
WO-2018218679-A1,20170602,CN-106372834-A
US-9883110-B2,20160506,US-2016253843-A1
WO-2019166303-A1,20190220,WO-2017072589-A2
WO-2019005322-A1,20180522,EP-3062281-A1
WO-2019014496-A1,20180712,US-2016210602-A1
US-9749140-B2,20170417,US-2016284033-A1
US-9749140-B2,20170417,WO-2017066002-A1
US-10039113-B2,20160328,US-2016300201-A1
US-10356618-B2,20180226,US-2017213305-A1
US-9754397-B1,20170407,US-2016253745-A1
CN-107341655-A,20170712,CN-106127564-A
EP-3522082-A1,20190201,EP-3267387-A1
US-10116667-B2,20160222,US-2017046680-A1
KR-20190040846-A,20171011,KR-20170087700-A
US-2019068605-A1,20170830,US-2017054820-A1
WO-2019165235-A1,20190222,US-2017103468-A1
US-9996869-B2,20160329,US-2016284008-A1
WO-2017129017-A1,20170118,CN-105741091-A
US-10554406-B1,20190604,WO-2017066002-A1
WO-2019011300-A1,20180712,CN-106560859-A
WO-2019007396-A1,20180705,CN-105976231-A
CN-107230012-A,20170504,CN-106204187-A
CN-107665457-A,20170927,CN-106408238-A
CN-108021865-B,20171103,CN-106204240-A
CN-106779943-A,20161215,CN-106203921-A
CN-107196989-B,20170321,CN-106230851-A
EP-3511886-A1,20190110,WO-2017041145-A1
US-9619842-B2,20160211,US-2016162999-A1
US-9619842-B2,20160211,US-2016162998-A1
US-D789963-S,20160331,US-2016210602-A1
US-D849996-S,20160616,US-2017011407-A1
US-10298597-B2,20171222,US-2016197942-A1
RU-2708952-C1,20180319,CN-106230851-A
WO-2020038351-A1,20190820,CN-108230075-A
WO-2018218860-A1,20171026,CN-105956028-A
WO-2019139455-A1,20190115,KR-20170096549-A
KR-101878282-B1,20161221,KR-101675820-B1
US-10579203-B2,20160929,US-2017200218-A1
US-10402397-B1,20180614,US-2016203453-A1
CN-106372461-A,20160831,US-2016182677-A1
CN-107079058-A,20161223,CN-105976231-A
US-10600111-B2,20161130,US-2016163000-A1
US-10291570-B2,20160215,US-2017230427-A1
US-10362047-B2,20180507,US-2016248795-A1
KR-20190129305-A,20180510,KR-20170099043-A
KR-102045223-B1,20190503,KR-20170026264-A
TW-I659382-B,20170126,CN-105976231-A
US-10026294-B2,20170301,US-2016210602-A1
CN-109222402-A,20181109,CN-107920880-A
CN-108229939-A,20171229,CN-105741091-A
WO-2018084867-A1,20161107,US-2016155069-A1
CN-108573381-A,20170309,CN-106296359-A
DE-102016118615-A1,20160930,US-2016284033-A1
CN-107411704-A,20170313,US-2017003666-A1
US-10438205-B2,20180109,US-2017357972-A1
US-10496989-B2,20160222,US-2017046680-A1
US-10157364-B1,20180223,US-2017200218-A1
US-9865262-B2,20160128,US-2016373553-A1
WO-2017219266-A1,20160622,CN-106134163-A
WO-2019222432-A1,20190515,WO-2017070469-A1
EP-3594765-A1,20190626,US-2018005173-A1
EP-3567540-A1,20190507,WO-2017098519-A1
US-10387801-B2,20160913,US-2016155070-A1
WO-2018233720-A1,20180627,CN-106355464-A
US-9875503-B2,20160304,US-2016210602-A1
US-10423938-B1,20170213,WO-2017066002-A1
US-10169004-B2,20170504,US-2016203538-A1
US-10169004-B2,20170504,US-2016203544-A1
US-10448197-B2,20171031,US-2016132891-A1
US-10459780-B2,20170429,US-2017171047-A1
US-10484178-B2,20180424,US-2018285879-A1
US-10523447-B2,20170224,US-2017103468-A1
US-10528959-B2,20190628,US-2016217515-A1
US-10185476-B2,20170822,US-2017180961-A1
US-10313289-B2,20180831,US-2017091837-A1
US-10313289-B2,20180831,US-9928529-B2
WO-2018232036-A1,20180613,US-2017103468-A1
WO-2018136517-A1,20180117,US-2016253843-A1
US-10189692-B2,20160930,US-2016210602-A1
US-10152733-B1,20170802,US-2017228831-A1
US-10484415-B1,20161216,US-2016189144-A1
US-10515248-B1,20180823,US-2018349974-A1
CN-107038242-B,20170424,CN-105976231-A
CN-107171794-B,20170627,CN-105635169-A
WO-2019036073-A1,20180427,US-2016132704-A1
US-9667427-B2,20161014,US-2016284033-A1
CN-107066432-A,20161024,US-2016162998-A1
CN-107103502-A,20170307,CN-106372889-A
WO-2019018776-A1,20180720,WO-2017098519-A1
WO-2018161715-A1,20180104,CN-106296359-A
CN-107507057-A,20170803,CN-106096882-A
CN-107507057-A,20170803,CN-106127564-A
CN-107355164-A,20170814,WO-2017041145-A1
CN-109959974-A,20190119,CN-106127564-A
CN-107153955-A,20170526,CN-106570692-A
WO-2019191383-A1,20190328,WO-2018017102-A1
WO-2019017936-A1,20170719,PH-22016000121-U1
WO-2019007504-A1,20170705,WO-2016151316-A1
US-9996783-B2,20170413,US-2016275390-A1
US-9996783-B2,20170413,US-2016292554-A1
US-9996783-B2,20170413,US-2016371576-A1
US-9996783-B2,20170413,US-9626610-B2
US-9996783-B2,20170413,US-9646237-B2
US-9996783-B2,20170413,US-9710743-B2
WO-2019135614-A1,20190103,KR-101624959-B1
US-9771120-B2,20160115,US-2016203538-A1
CN-106651504-A,20161024,US-2016275482-A1
DE-102016118611-A1,20160930,US-2016284033-A1
CN-106790431-A,20161205,CN-105976231-A
WO-2020029630-A1,20190515,CN-105976231-A
US-9842330-B1,20160923,WO-2017072589-A2
US-9953460-B2,20160614,US-2016210602-A1
US-9994434-B2,20160304,US-2016210602-A1
US-9531998-B1,20160629,US-2016210602-A1
US-9710743-B2,20160308,US-2016275390-A1
WO-2019028758-A1,20170810,CN-105976231-A
WO-2019114434-A1,20181029,CN-106548302-A
US-9892456-B1,20170719,US-2017039579-A1
WO-2019124176-A1,20181212,WO-2016174878-A1
WO-2018076761-A1,20170630,CN-105976231-A
WO-2019011303-A1,20180712,US-2017098231-A1
WO-2019107678-A1,20180514,KR-20170086354-A
WO-2020014224-A1,20190709,US-9940840-B1
WO-2019089586-A1,20181030,WO-2017066002-A1
WO-2020000805-A1,20181023,CN-105976231-A
WO-2019008396-A1,20180709,US-2017109805-A1
WO-2019162563-A1,20190212,US-2018146061-A1
US-10498472-B2,20181023,US-9998245-B2
US-10049558-B2,20170216,US-2016210602-A1
CN-106874440-A,20170207,CN-105976231-A
CN-107274175-A,20170613,WO-2016166552-A1
WO-2020028513-A1,20190731,WO-2017070469-A1
WO-2018231659-A1,20180608,EP-3340160-A1
WO-2018129201-A1,20180104,US-2016210602-A1
WO-2019046470-A1,20180829,WO-2017072647-A1
CN-106451438-A,20161116,CN-105552902-A
CN-107481141-A,20170725,CN-106296359-A
US-10580062-B1,20160628,US-2016335613-A1
US-10580062-B1,20160628,US-9563890-B2
US-10580062-B1,20160628,US-9576285-B2
US-10580062-B1,20160628,US-2017083901-A1
US-10328769-B2,20180727,US-2017124547-A1
EP-3531668-A4,20180319,CN-106230851-A
CN-109859456-A,20181206,US-9940840-B1
CN-106899696-A,20170401,CN-106372889-A
CN-107483322-A,20170816,US-2016234193-A1
CN-108647903-A,20180521,CN-106230851-A
CN-106779982-A,20170214,CN-105812374-A
CN-106951307-A,20170306,CN-105976231-A
CN-107292454-A,20170727,US-2016357714-A1
CN-107395557-A,20170328,CN-106230851-A
CN-107870710-A,20170926,EP-3062280-A1
CN-107909741-A,20171113,CN-106297010-A
CN-107909741-A,20171113,US-2017103629-A1
WO-2018204456-A1,20180502,WO-2017066002-A1
WO-2019046475-A1,20180829,US-2017103468-A1
WO-2019001913-A1,20180606,US-2017108880-A1
WO-2018232913-A1,20170815,CN-106128152-A
WO-2019161555-A1,20180224,CN-105976231-A
WO-2019019617-A1,20180212,CN-106096882-A
KR-101995352-B1,20171226,KR-20160115897-A
CN-106778329-A,20161128,CN-105976231-A
KR-20200006317-A,20180710,KR-20170099043-A
US-10063438-B2,20170510,US-2016300201-A1
JP-2018195255-A,20170522,US-2016253843-A1
WO-2017166942-A1,20170217,CN-105809520-A
WO-2019129081-A1,20181226,CN-106352884-A
WO-2019072269-A3,20181107,WO-2018115567-A1
WO-2020028917-A1,20190805,US-2016284033-A1
US-10369998-B2,20170525,US-9940840-B1
US-10142835-B2,20160421,US-2017357972-A1
KR-101888922-B1,20171218,KR-20170082294-A
US-10248783-B2,20161003,WO-2017066002-A1
US-10051018-B2,20161229,US-9485301-B2
WO-2018112043-A1,20171213,US-2016284033-A1
WO-2019237276-A1,20180613,CN-105976231-A
WO-2018138655-A1,20180124,US-2017076272-A1
US-9953308-B2,20170529,US-2016275483-A1
US-9953308-B2,20170529,US-2016275482-A1
US-9953308-B2,20170529,US-2017076272-A1
US-9953308-B2,20170529,US-9811813-B2
WO-2019184540-A1,20190102,CN-106204240-A
CN-107134053-A,20170419,CN-106096882-A
CN-107134053-A,20170419,CN-106447428-A
WO-2017166534-A1,20160712,CN-105913293-A
WO-2019019616-A1,20180212,CN-106408374-A
US-9892417-B2,20170515,US-2017171047-A1
US-9781170-B2,20160816,US-9485301-B2
WO-2019177230-A1,20181130,KR-20170086873-A
US-9952712-B2,20160330,US-2016328767-A1
WO-2019012115-A1,20180713,US-2016284143-A1
WO-2019098649-A1,20181113,KR-101729646-B1
US-9824349-B2,20170224,US-9563890-B2
US-9830589-B2,20170508,US-2017076272-A1
US-D865643-S,20180125,US-2016247212-A1
WO-2019190625-A1,20190128,US-2017270428-A1
EP-3520867-A1,20190205,JP-6215441-B1
CN-106296299-A,20160817,CN-105550831-A
WO-2019133654-A1,20181227,US-2017003666-A1
WO-2019204093-A1,20190410,US-2017103468-A1
WO-2018126057-A1,20171228,WO-2016191209-A1
WO-2019221575-A1,20190514,KR-20170092037-A
US-10439837-B2,20170919,US-2016205159-A1
US-10439837-B2,20170919,US-9998245-B2
US-10455366-B1,20190227,US-9858603-B2
US-10457511-B2,20171120,US-2016292697-A1
US-10223679-B2,20170622,US-2016217258-A1
US-10552816-B2,20160108,US-2017039542-A1
WO-2017202386-A1,20170527,CN-106096927-A
WO-2020024607-A1,20190403,WO-2018115567-A1
US-9646237-B2,20160601,US-2016275390-A1
US-9646237-B2,20160601,US-2016292554-A1
US-9646237-B2,20160601,US-2016371576-A1
CN-106682075-A,20161121,CN-105956028-A
CN-107480987-A,20170725,CN-106296359-A
CN-107742382-A,20171019,CN-106127564-A
WO-2017032541-A1,20160728,WO-2016151316-A1
US-D836541-S,20160623,US-2017011407-A1
WO-2019133668-A1,20181227,US-2016132891-A1
WO-2019115580-A1,20181212,WO-2017066431-A1
WO-2017196289-A3,20170621,WO-2017066002-A1
CN-106886722-A,20170323,CN-105976231-A
CN-107967603-A,20171220,CN-106127564-A
CN-106600498-A,20161122,CN-105701549-A
CN-110072046-A,20180824,CN-107886387-A
EP-3506456-A1,20181228,WO-2017086174-A1
EP-3506456-A1,20181228,EP-3379467-A1
CN-106778882-B,20161223,CN-105976231-A
WO-2019032538-A1,20180807,WO-2017066002-A1
WO-2019237208-A1,20190614,US-9619842-B2
WO-2019135929-A1,20181220,US-9727867-B2
EP-3410406-A1,20170602,US-2016260073-A1
CN-107240001-A,20170606,CN-106296359-A
CN-107758187-A,20171017,CN-106096882-A
US-9998978-B2,20160415,US-9530137-B2
US-9787842-B1,20170106,WO-2016144784-A1
WO-2019093292-A1,20181106,WO-2017056433-A1
WO-2018208327-A1,20170913,US-2017103468-A1
WO-2019164539-A1,20180614,WO-2017057811-A1
CN-108399693-A,20180211,CN-106408369-A
CN-106683480-A,20170228,CN-106128152-A
WO-2018225995-A1,20180603,KR-101729678-B1
US-9773501-B1,20170106,WO-2016144784-A1
WO-2019084571-A1,20181105,WO-2017070469-A1
CN-106850233-B,20170309,CN-105635169-A
CN-106850233-A,20170309,CN-105635169-A
CN-107038559-A,20161221,CN-106134163-A
US-10296904-B2,20161117,US-9530137-B2
CN-106408285-A,20160930,CN-105913277-A
CN-109460816-A,20181116,WO-2017093953-A1
US-10521780-B1,20161215,CN-105976231-A
US-10410021-B1,20171208,US-2016188915-A1
US-10410021-B1,20171208,US-2016371513-A1
US-10410021-B1,20171208,US-9595033-B2
US-10410021-B1,20171208,JP-2017062844-A
US-10410021-B1,20171208,US-9858603-B2
CN-106709704-A,20161123,CN-105976231-A
CN-106533696-B,20161118,CN-105976231-A
CN-106601277-B,20161102,CN-105930691-A
CN-107464360-A,20170622,CN-106740680-A
CN-107705396-A,20170824,CN-106740680-A
US-10042919-B2,20161220,US-2016210602-A1
WO-2018091538-A1,20171115,US-2016203466-A1
US-9576285-B2,20160531,US-2016275483-A1
WO-2019209894-A1,20190423,US-2017076272-A1
WO-2019164917-A1,20190220,US-2016217515-A1
US-10526821-B2,20171101,US-9845071-B1
CN-108021865-A,20171103,CN-106204240-A
CN-107067286-A,20170428,CN-105893507-A
EP-3293654-A1,20160908,US-2016132891-A1
US-9609037-B2,20160208,US-2016306874-A1
US-9965801-B1,20170731,US-2016210602-A1
WO-2019086677-A1,20181105,WO-2017066002-A1
WO-2019035368-A1,20180802,WO-2017038739-A1
WO-2020001117-A1,20190403,WO-2018115567-A1
CN-106127548-A,20160617,CN-106097590-A
CN-108076965-A,20171201,WO-2017105067-A1
CN-108830545-A,20180428,CN-107679045-A
WO-2019064658-A1,20180412,US-2016284033-A1
WO-2019237615-A1,20181018,CN-106230851-A
WO-2018107576-A1,20170215,CN-106600424-A
US-9836678-B2,20170105,US-9626610-B2
WO-2019241554-A1,20190613,WO-2016151316-A1
WO-2019085589-A1,20180817,CN-106204240-A
US-9922368-B2,20160426,US-9547856-B2
CN-107622606-A,20170915,CN-106570692-A
DE-102017117598-A1,20170803,US-2016284033-A1
DE-102017117598-A1,20170803,WO-2017066431-A1
WO-2020027092-A1,20190730,WO-2017086174-A1
WO-2018118353-A1,20171129,US-2016321649-A1
WO-2018049504-A1,20170912,CN-106355477-A
WO-2019181119-A1,20181220,WO-2017145511-A1
CN-107248074-A,20170329,CN-105976231-A
EP-3608149-A1,20190605,DE-102016216200-A1
IT-201700025528-A1,20170308,US-2016189137-A1
CN-106650494-A,20161216,CN-106230851-A
CN-107948596-A,20171127,CN-106408428-A
CN-109726466-A,20181226,US-2016155069-A1
CN-108881259-A,20180630,CN-106296359-A
DE-102017211300-B3,20170704,US-9928507-B2
EP-3454277-A1,20170907,US-2017032350-A1
CN-107272896-A,20170613,EP-3062280-A1
CN-107171794-A,20170627,CN-105635169-A
CN-108592915-A,20180419,CN-106204240-A
CN-106617995-A,20170103,CN-105661812-A
CN-107918666-A,20171124,WO-2017098519-A1
US-10496699-B2,20170320,US-2017103405-A1
CN-107682308-A,20170816,CN-106296359-A
CN-107316023-A,20170627,CN-106469369-A
CN-107294706-A,20170609,CN-106067849-A
WO-2019028366-A1,20180803,US-2017039564-A1
US-2018063564-A1,20160826,US-2016189137-A1
DE-202019000280-U1,20190122,KR-20180009025-A
CN-107609703-A,20170915,CN-105956028-A
CN-107222303-A,20170511,CN-106230851-A
CN-108230056-A,20161209,CN-105550832-A
EP-3435281-A1,20180406,US-2016210602-A1
US-10594489-B2,20190710,CN-106230851-B
CN-109151599-A,20180830,KR-20170103442-A
CN-107133777-A,20170425,CN-106067849-A
CN-107480735-A,20170724,CN-106096882-A
CN-108307430-A,20160927,US-2016248795-A1
WO-2019056879-A1,20180808,US-2017124547-A1
CN-107341696-A,20170714,CN-106560859-A
CN-107231416-A,20170525,CN-106097590-A
CN-107882436-B,20171019,CN-106740680-A
CN-107545341-A,20160628,CN-105550831-A
US-10586054-B2,20181226,US-9530137-B2
CN-107277556-A,20170606,CN-106228436-A
CN-107665357-A,20170907,CN-106096882-A
CN-106406324-A,20161228,CN-106204197-A
CN-106406324-A,20161228,CN-106204240-A
EP-3243181-A4,20160105,US-2017180961-A1
CN-107657448-A,20170816,CN-106134163-A
CN-106875473-A,20170216,CN-105913277-A
CN-106559211-B,20161122,CN-105976231-A
CN-107169780-A,20170310,US-9619794-B2
CN-109857038-A,20190318,WO-2017056100-A1
CN-108492451-A,20180312,CN-106710071-A
DE-102017223522-A1,20171221,US-2017103468-A1
DE-102017223522-A1,20171221,WO-2017098519-A1
US-2017024720-A1,20160721,US-9704151-B2
US-10493349-B2,20170316,US-9819561-B2
US-10412060-B2,20180529,US-9530137-B2
US-10310712-B2,20171211,US-2016217258-A1
US-10366381-B2,20161021,US-9811813-B2
US-10402814-B2,20160405,US-9530137-B2
CN-107481110-A,20170814,CN-106251186-A
CN-107912796-A,20161011,CN-105761134-A
CN-107912796-A,20161011,CN-105812374-A
CN-109214197-A,20180814,CN-105976231-A
CN-107355164-B,20170814,WO-2017041145-A1
CN-107451908-A,20170821,CN-106355464-A
CN-108399786-A,20180316,CN-106128152-A
CN-108399786-A,20180316,CN-107730962-A
US-D866375-S,20170802,WO-2018027292-A1
WO-2018213672-A1,20180518,US-2017103468-A1
KR-20190068021-A,20171208,KR-20170111875-A
KR-102007570-B1,20171110,KR-101706889-B1
KR-102022902-B1,20171128,KR-101744260-B1
CN-107527275-A,20170905,CN-106960370-A
CN-107274167-A,20170512,CN-106355464-A
CN-106682984-B,20161126,CN-105976231-A
CN-106991834-A,20170518,CN-105844762-A
CN-106570089-A,20161020,CN-106022880-A
CN-106394732-A,20161110,CN-106097590-A
FR-3082977-A1,20180621,WO-2017075498-A1
CN-106058884-A,20160706,CN-105552902-A
CN-106779935-A,20161207,US-2016253843-A1
CN-106971464-A,20170410,CN-105809520-A
CN-107750005-A,20170918,CN-106228436-A
CN-108776917-A,20180530,CN-105913307-A
CN-108197230-A,20171229,CN-107408260-A
CN-109050467-A,20170828,US-2016132053-A1
CN-107317672-A,20170510,CN-106230851-A
CN-107704907-A,20171020,KR-101675128-B1
CN-107705144-A,20170901,KR-20160128974-A
CN-107424303-A,20170531,CN-106469369-A
WO-2019051433-A1,20180910,WO-2017038739-A1
WO-2019246567-A1,20190621,WO-2017070469-A1
US-9798892-B2,20161028,US-2016285954-A1
US-9842483-B2,20161005,US-2016210602-A1
US-10148665-B2,20160510,US-9886566-B2
WO-2019120543-A1,20171221,US-2017178245-A1
WO-2018078115-A1,20171027,US-2016284033-A1
WO-2018189659-A1,20180409,US-2016189137-A1
WO-2018189659-A1,20180409,US-2016275483-A1
KR-102002095-B1,20190219,KR-20170114908-A
US-10535009-B2,20161107,US-2016155069-A1
WO-2019009914-A1,20170707,WO-2017066002-A1
WO-2020001039-A1,20190215,CN-107977834-A
WO-2019090555-A1,20171109,CN-105956028-A
WO-2019054638-A1,20180809,KR-20170026264-A
WO-2019059598-A1,20180917,US-2017103468-A1
WO-2019197924-A1,20190322,CA-2986115-A1
WO-2018142248-A1,20180125,US-2016275483-A1
WO-2018142248-A1,20180125,US-2016275482-A1
CN-106779669-A,20161227,CN-106056439-A
CN-107025155-A,20170304,US-2016315838-A1
CN-106341493-A,20161101,CN-105635169-A
CN-107133837-A,20170322,CN-106408428-A
CN-106650494-B,20161216,CN-106230851-A
CN-107527194-A,20170721,CN-106297010-A
CN-106878146-A,20161229,CN-106203921-A
CN-106980500-A,20170217,EP-3062280-A1
US-10178358-B2,20160226,US-2016210602-A1
US-10358326-B2,20160304,US-2016210602-A1
KR-20190067452-A,20171207,KR-20170133210-A
CN-106301782-A,20160726,CN-105635169-A
CN-107689116-A,20170728,CN-106097590-A
DE-102018002083-A1,20180315,US-2016292697-A1
CN-106503992-A,20161018,CN-105976231-A
CN-107341654-A,20170712,CN-106127564-A
CN-107426234-A,20170808,US-2017103468-A1
WO-2019144046-A1,20190118,US-2017103468-A1
WO-2018079456-A1,20171023,WO-2016174878-A1
WO-2019157114-A1,20190207,US-2017039572-A1
WO-2019124613-A1,20171226,KR-101718747-B1
WO-2019160597-A1,20181205,US-2017039564-A1
WO-2020033590-A1,20190807,US-2018096326-A1
WO-2019236243-A1,20190510,WO-2016191209-A1
WO-2019236243-A1,20190510,US-2018158124-A1
CN-107301536-A,20170612,CN-105976231-A
CN-107590276-A,20170928,CN-106352884-A
CN-107846278-A,20171030,CN-105976231-A
CN-107424303-B,20170531,CN-106469369-A
CN-106506146-A,20161026,CN-105976231-A
EP-3493346-A1,20171201,US-2017103468-A1
GB-2576461-A,20180502,US-2017103468-A1
CN-107392500-A,20170811,US-2016253084-A1
FR-3078325-A1,20180227,WO-2017041145-A1
CN-107016543-A,20170329,CN-106296359-A
CN-107711297-A,20171115,WO-2017105067-A1
CN-106525433-A,20161228,US-2016155070-A1
CN-107944859-A,20171115,CN-106096882-A
CN-107103373-A,20170413,CN-105809520-A
CN-107993321-A,20171214,CN-106740680-A
CN-106682983-A,20161229,CN-105976231-A
GB-2575191-A,20180312,US-2017103468-A1
IT-201800002784-A1,20180220,WO-2017041145-A1
US-9900317-B2,20160225,US-2017213210-A1
WO-2019110739-A1,20181206,US-2016284033-A1
WO-2019060567-A1,20180920,US-2016217454-A1
CN-108615354-A,20180509,US-9940840-B1
CN-107644482-A,20170928,CN-106740680-A
CN-107392610-A,20170306,CN-105976231-A
CN-107492164-A,20170707,CN-106127564-A
EP-3511889-A1,20190116,WO-2017072589-A2
CN-106778882-A,20161223,CN-105976231-A
CN-106874440-B,20170207,CN-105976231-A
WO-2020006172-A1,20190627,WO-2017098519-A1
WO-2018042546-A1,20160831,JP-5965557-B1
WO-2018171539-A1,20180319,CN-106230851-A
WO-2020029628-A1,20190514,CN-105976231-A
US-9954907-B2,20161230,US-9485301-B2
CN-109002815-A,20180826,CN-107111832-A
CN-107645675-A,20170905,US-2017180696-A1
EP-3460940-A1,20180713,US-2016284033-A1
WO-2018208190-A1,20180511,US-2016132704-A1
WO-2020005968-A1,20190625,WO-2017093953-A1
WO-2020032567-A1,20190807,KR-20170026264-A
WO-2020008938-A1,20190624,JP-2018022284-A
US-9754256-B2,20160510,US-2017039571-A1
US-9875502-B2,20160304,US-2016210602-A1
WO-2018160228-A1,20171012,US-2016284033-A1
WO-2018160228-A1,20171012,US-2017103468-A1
WO-2018233669-A1,20180621,CN-106204197-A
WO-2020025817-A1,20190802,WO-2018115567-A1
US-10175492-B2,20171101,US-2016253843-A1
US-10474166-B2,20180320,US-9940840-B1
US-10276038-B2,20170202,US-2016292737-A1
CN-108197235-A,20171229,CN-107408260-A
CN-108389330-A,20170203,CN-106096882-A
KR-20190058038-A,20171121,KR-20170121557-A
US-10057882-B1,20160426,US-2016314517-A1
US-10057882-B1,20160426,US-9727867-B2
RU-2702966-C1,20181116,RU-2016113104-A
CN-107239987-A,20170424,US-2016314520-A1
CN-108674364-A,20180530,CN-106097590-A
CN-107240002-A,20170606,CN-106296359-A
EP-3617969-A1,20180903,WO-2017098519-A1
EP-3605945-A1,20180803,WO-2018115567-A1
CN-109451149-A,20181017,US-2017068551-A1
CN-107491880-A,20170823,CN-106096882-A
CN-107491880-A,20170823,CN-106204240-A
CN-107689989-A,20170821,CN-106779731-A
CN-107679959-A,20171012,CN-106096882-A
CN-108462582-A,20180209,CN-106296359-A
CN-107194910-A,20170402,US-2016315837-A1
CN-107395581-A,20170711,US-2016132704-A1
CN-108494801-B,20180518,CN-106296359-A
CN-106295405-A,20160725,CN-105635169-A
GB-2571481-A,20171213,US-2016284033-A1
CN-107632853-A,20170807,CN-106127476-A
CN-106204943-A,20160831,CN-105809520-A
CN-106682984-A,20161126,CN-105976231-A
US-10554394-B1,20171001,US-2017103468-A1
CN-106952067-A,20170317,CN-106096882-A
EP-3483825-A1,20181109,KR-20170086374-A
CN-107180556-A,20170623,CN-106128152-A
CN-109410483-A,20181008,CN-106881721-A
CN-107515635-A,20170906,US-2017180696-A1
JP-2018206355-A,20180119,US-2016260073-A1
CN-106652257-A,20161129,CN-105868977-A
CN-107689993-A,20170829,CN-106352884-A
CN-107491952-A,20170802,CN-106469369-A
CN-107993089-A,20171122,US-2016267572-A1
CN-107463260-A,20170809,CN-105913277-A
JP-2018081464-A,20161115,US-2016284033-A1
CN-107995003-A,20161026,CN-105976231-A
CN-107711292-A,20171030,WO-2017105067-A1
CN-107395403-A,20170707,US-2017103468-A1
US-10440101-B2,20160222,US-2017046680-A1
US-10103936-B2,20160621,US-2016300201-A1
WO-2019239826-A1,20190522,JP-2017156915-A
WO-2018131214-A1,20170921,WO-2016194275-A1
CN-107481023-A,20170824,CN-106846087-A
CN-109309650-A,20170727,CN-106230851-A
US-10373159-B2,20161207,US-2018285879-A1
KR-20200006302-A,20180710,KR-20170099043-A
CN-107392733-A,20170803,WO-2016153238-A1
CN-108833367-A,20180525,CN-107645530-A
CN-109145643-A,20180823,US-2017177725-A1
US-10048912-B2,20161209,US-2016380852-A1
CN-106815764-A,20170118,CN-105976231-A
CN-107274259-A,20170602,CN-106372834-A
CN-107079059-A,20161221,CN-105976231-A
JP-6463535-B1,20180427,JP-6215441-B1
CN-107908978-A,20171017,CN-106230851-A
DE-102018205578-A1,20180412,US-9940840-B1
CN-107025708-A,20170329,CN-106097590-A
CN-107882436-A,20171019,CN-106740680-A
CN-107403492-A,20170724,CN-106740680-A
CN-106372652-A,20160828,US-2016189252-A1
US-10373236-B2,20181113,WO-2016168699-A1
US-10373236-B2,20181113,EP-3284051-A1
CN-108234127-A,20161222,CN-106230851-A
CN-107146103-A,20170502,CN-106372834-A
CN-107506921-A,20170814,CN-106548302-A
CN-107564114-A,20170816,CN-105574801-A
CN-107491825-A,20160613,CN-105574801-A
CN-107248120-A,20170811,US-2016253084-A1
WO-2019173550-A1,20190307,WO-2017116810-A1
WO-2019034041-A1,20180814,CN-106204197-A
WO-2020014798-A1,20180718,CN-105913277-A
WO-2018212756-A1,20170515,US-2017103468-A1
WO-2020032376-A1,20190613,US-2016189137-A1
WO-2020029629-A1,20190514,CN-105976231-A
WO-2019172061-A1,20190228,WO-2017145511-A1
CN-107301749-A,20170712,CN-106127564-A
CN-107291007-A,20170619,CN-106710071-A
EP-3460942-A1,20180910,US-2016284033-A1
WO-2019140193-A1,20190111,US-2017091579-A1
US-9946532-B2,20160615,US-2017091771-A1
WO-2019208152-A1,20190404,WO-2017115453-A1
CN-106656600-A,20161222,CN-106204217-A
CN-107169838-A,20170523,WO-2016113703-A1
CN-106815938-A,20161216,CN-106097590-A
US-2017255938-A1,20160307,US-2016321649-A1
US-2017270763-A1,20170202,US-2016292737-A1
CN-107437205-A,20160525,CN-107346462-A
CN-109242601-A,20180808,CN-107230123-A
CN-107123018-A,20170322,CN-106204187-A
CN-109345182-A,20181112,US-2017140351-A1
DE-102016118612-A1,20160930,US-2016284033-A1
US-10279762-B2,20180130,US-9845071-B1
JP-6414916-B1,20170712,JP-6124235-B1
CN-106936928-A,20170420,CN-105741091-A
CN-106790712-A,20170306,CN-105787784-A
CN-107396197-A,20170627,CN-106228436-A
CN-107516217-A,20170728,US-2016275483-A1
CN-107293049-A,20170705,CN-106127564-A
CN-106790004-A,20161212,US-2016321347-A1
US-10597270-B2,20181218,US-2016210602-A1
US-10387871-B2,20180511,US-9530137-B2
US-10121494-B1,20170330,US-2016307413-A1
EP-3608858-A1,20180810,WO-2017070469-A1
CN-107527209-A,20160621,CN-105550831-A
EP-3534323-A1,20190227,WO-2016151316-A1
EP-3534323-A1,20190227,US-2017103468-A1
US-2017185365-A1,20160310,US-2016210602-A1
US-10038607-B2,20160617,US-2016300201-A1
US-10189691-B2,20160923,US-2016210602-A1
KR-101969571-B1,20180208,KR-20170112933-A
CN-107749839-A,20170927,WO-2017090905-A1
US-9787941-B1,20170106,WO-2016144784-A1
US-D851830-S,20160623,US-2017011407-A1
WO-2018204541-A1,20180502,US-2017103468-A1
US-9971983-B2,20160712,US-2017091837-A1
US-9971983-B2,20160712,US-9928529-B2
WO-2019094086-A1,20180827,US-2017083899-A1
WO-2017186084-A1,20170424,CN-106204187-A
CN-106952141-A,20170315,CN-106097590-A
CN-107622585-A,20170224,CN-106097590-A
DE-202019000049-U1,20190104,KR-20180001842-A
CN-107239232-A,20170510,US-2016155069-A1
KR-20200006284-A,20180710,KR-20170099043-A
CN-107393062-A,20170616,CN-106740680-A
KR-20190030151-A,20180521,KR-20170026264-A
CN-107944285-A,20171130,CN-107016606-A
DE-102017102353-A1,20170207,DE-102016112911-A1
CN-108093307-A,20171229,WO-2017058278-A1
WO-2019102072-A1,20181123,US-2017091579-A1
WO-2019023521-A1,20180726,US-2017124547-A1
WO-2019207351-A1,20190319,US-2016217356-A1
WO-2019165894-A1,20190214,US-2018033066-A1
WO-2019147054-A1,20190125,US-2016155108-A1
WO-2019181083-A1,20181204,WO-2017134934-A1
WO-2018200234-A1,20180416,US-2016267572-A1
WO-2019128532-A1,20181119,CN-105741091-A
US-D836132-S,20180326,US-2016210602-A1
WO-2019052451-A1,20180912,CN-106228436-A
WO-2019222246-A1,20190514,US-2017124547-A1
WO-2019096192-A1,20181115,CN-106204197-A
US-9691047-B2,20160712,US-2017091837-A1
WO-2019144438-A1,20180206,CN-105761134-A
WO-2020013368-A1,20180717,KR-20170099043-A
WO-2019193257-A3,20190405,US-2017134169-A1
GB-2573670-A,20171227,US-2016328767-A1
EP-3499440-A1,20171218,US-2016132704-A1
WO-2019194679-A1,20190408,US-2016155069-A1
CN-108809947-A,20180518,US-2017046680-A1
CN-107508806-A,20170811,CN-106230851-A
CN-107711298-A,20171115,WO-2017105067-A1
CN-107392712-A,20170721,CN-106408238-A
CN-106503098-A,20161014,CN-105976231-A
EP-3438905-A1,20180801,WO-2017011345-A1
CN-106981008-A,20170303,CN-106296367-A
CN-107301589-A,20170622,CN-106204187-A
CN-106598579-A,20161206,CN-105976231-A
CN-108123945-B,20171220,CN-105741091-A
CN-107134053-B,20170419,CN-106096882-A
CN-107134053-B,20170419,CN-106447428-A
CN-108387230-A,20170524,WO-2017055119-A1
CN-108038985-A,20171226,WO-2017145511-A1
CN-107292622-A,20170705,CN-105976231-A
CN-107329888-A,20170531,CN-105976231-A
KR-20190056861-A,20171117,KR-20170088717-A
TW-I613549-B,20161219,TW-201631527-A
US-10353551-B2,20170630,US-2016210602-A1
US-10592907-B2,20160516,US-2016342966-A1
US-10599701-B2,20170210,US-2016155069-A1
US-10575250-B2,20171215,US-2017011105-A1
US-10572600-B2,20190712,US-9990351-B2
WO-2018094882-A1,20170223,CN-105701549-A
CN-106874393-A,20170113,CN-105976231-A
CN-108681778-A,20180416,CN-106204187-A
CN-106652232-A,20161228,CN-105809520-A
CN-107133437-B,20170303,CN-105868977-A
CN-108335407-A,20180224,CN-106297010-A
CN-107330686-A,20170525,CN-106204197-A
CN-107330686-A,20170525,CN-106372889-A
CN-106878760-B,20170329,CN-106228436-A
CN-107274556-A,20170605,CN-106297010-A
CN-107274556-A,20170605,US-2017103629-A1
JP-6427850-B1,20171228,JP-2016042395-A
CN-107895287-A,20171115,CN-106204197-A
CN-108492456-A,20180312,CN-106710071-A
CN-107025552-A,20170416,CN-106355464-A
US-10289356-B2,20170613,US-2016277631-A1
CN-106915395-A,20170327,CN-105809520-A
CN-106600403-A,20161107,CN-105976231-A
CN-108846752-A,20180606,CN-105976231-A
CN-109582885-A,20181031,WO-2018115567-A1
DE-102018201671-A1,20180205,DE-102016010140-A1
CN-106447466-A,20161101,CN-105913277-A
CN-106451438-B,20161116,CN-105552902-A
KR-102050217-B1,20180315,KR-101739112-B1
CN-107612816-A,20170922,US-2016232460-A1
CN-106845965-A,20170213,CN-106056439-A
CN-106845965-A,20170213,CN-106204197-A
CN-109272069-A,20180829,CN-106408238-A
CN-107230127-A,20170424,CN-106352884-A
CN-107451835-A,20160531,CN-105550831-A
EP-3291162-A1,20170818,US-2016132891-A1
FR-3074332-A1,20171128,DE-102016003074-A1
CN-108256353-A,20180111,CN-106230851-A
CN-106533696-A,20161118,CN-105976231-A
CN-107316027-A,20170627,CN-106127564-A
US-10278065-B2,20170811,US-2017171047-A1
US-10278065-B2,20170811,US-9819561-B2
CN-107358431-A,20170627,CN-106570692-A
JP-2018180835-A,20170411,WO-2017056444-A1
CN-108717670-A,20180328,CN-106296359-A
EP-3460941-A1,20180910,US-2016284033-A1
JP-6279123-B1,20170406,JP-6087469-B1
CN-107369071-A,20170719,CN-106355464-A
CN-107682219-A,20170914,EP-3121782-A1
CN-108123945-A,20171220,CN-105741091-A
CN-108389337-A,20180129,CN-106372889-A
CN-106780028-A,20161208,CN-105976231-A
CN-107092426-A,20170410,CN-106096927-A
CN-107374329-A,20170901,CN-105637551-A
CN-107273760-A,20170609,CN-106230851-A
CN-106327289-A,20160811,CN-105787784-A
CN-108615164-A,20161209,CN-105550832-A
CN-106971048-A,20170414,CN-106355477-A
CN-108230583-A,20180109,US-9619794-B2
US-2017364346-A1,20160615,US-2017091771-A1
CN-107395726-A,20170727,CN-106710071-A
CN-108020718-B,20171127,WO-2016138556-A1
FR-3069085-A1,20170713,US-2016284143-A1
EP-3282402-A1,20160812,US-2016132704-A1
KR-20190123952-A,20180425,KR-20170099043-A
KR-20190083943-A,20180209,KR-20170099043-A
CN-107038242-A,20170424,CN-105976231-A
CN-107330698-A,20170620,CN-106204240-A
CN-106936566-A,20170309,CN-105635169-A
CN-107682308-B,20170816,CN-106296359-A
CN-108769750-A,20180502,CN-107679045-A
US-9928529-B2,20161212,US-2017091837-A1
CN-106503589-A,20161026,CN-105976231-A
EP-3525149-A1,20190212,US-2017178132-A1
CN-109241357-A,20180808,CN-105976231-A
US-D810827-S,20160509,US-2016148544-A1
WO-2018217954-A1,20180523,US-2016232460-A1
US-9811315-B1,20170811,US-2016328767-A1
WO-2018172838-A1,20171206,CN-105976231-A
WO-2019068731-A1,20181002,WO-2017072647-A1
CN-109330284-A,20180921,CN-107735808-A
CN-108563395-A,20180507,CN-107977834-A
US-10489449-B2,20180102,US-2016292737-A1
CN-107240005-A,20170613,CN-105893507-A
CN-108873852-A,20180911,CN-106127564-A
DE-102016120575-A1,20161027,WO-2016151316-A1
CN-107301538-A,20170712,CN-106127564-A
CN-107329888-B,20170531,CN-105976231-A
KR-101854912-B1,20180307,KR-101755409-B1
JP-2018081717-A,20180111,JP-6278481-B2
CN-106643696-A,20161207,CN-106352884-A
CN-107767225-A,20171027,CN-106462897-A
CN-107424054-A,20170801,CN-106469369-A
CN-107180381-A,20170703,CN-105809518-A
CN-106777000-A,20161206,CN-106134163-A
CN-106295405-B,20160725,CN-105635169-A
